TLC,MTY,8°C,18.07°C
MTY,TLC,18.07°C,8°C
MEX,MTY,15.85°C,18.07°C
MTY,MEX,18.07°C,15.85°C
MEX,MTY,15.85°C,18.07°C
MEX,MTY,15.85°C,18.07°C
MEX,MTY,15.85°C,18.07°C
MEX,MTY,15.85°C,18.07°C
MEX,MTY,15.85°C,18.07°C
MEX,MTY,15.85°C,18.07°C
MTY,MEX,18.07°C,15.85°C
MEX,MTY,15.85°C,18.07°C
MEX,MTY,15.85°C,18.07°C
MEX,MTY,15.85°C,18.07°C
MEX,MTY,15.85°C,18.07°C
MEX,MTY,15.85°C,18.07°C
MTY,MEX,18.07°C,15.85°C
MEX,MTY,15.85°C,18.07°C
MEX,MTY,15.85°C,18.07°C
MEX,MTY,15.85°C,18.07°C
MEX,MTY,15.85°C,18.07°C
MTY,MEX,18.07°C,15.85°C
MTY,MEX,18.07°C,15.85°C
MEX,MTY,15.85°C,18.07°C
MEX,MTY,15.85°C,18.07°C
MTY,MEX,18.07°C,15.85°C
MTY,MEX,18.07°C,15.85°C
MTY,MEX,18.07°C,15.85°C
MTY,MEX,18.07°C,15.85°C
MTY,MEX,18.07°C,15.85°C
MTY,MEX,18.07°C,15.85°C
MEX,MTY,15.85°C,18.07°C
MEX,MTY,15.85°C,18.07°C
MTY,MEX,18.07°C,15.85°C
MTY,MEX,18.07°C,15.85°C
MTY,MEX,18.07°C,15.85°C
MTY,MEX,18.07°C,15.85°C
MTY,MEX,18.07°C,15.85°C
MTY,MEX,18.07°C,15.85°C
MTY,MEX,18.07°C,15.85°C
MTY,MEX,18.07°C,15.85°C
MTY,MEX,18.07°C,15.85°C
MEX,MTY,15.85°C,18.07°C
MEX,MTY,15.85°C,18.07°C
MEX,MTY,15.85°C,18.07°C
MTY,MEX,18.07°C,15.85°C
MTY,MEX,18.07°C,15.85°C
MTY,MEX,18.07°C,15.85°C
MTY,MEX,18.07°C,15.85°C
MTY,MEX,18.07°C,15.85°C
MEX,MTY,15.85°C,18.07°C
MEX,MTY,15.85°C,18.07°C
MEX,TAM,15.85°C,18.81°C
MEX,TAM,15.85°C,18.81°C
MEX,TAM,15.85°C,18.81°C
MEX,TAM,15.85°C,18.81°C
MEX,TAM,15.85°C,18.81°C
MEX,TAM,15.85°C,18.81°C
MEX,TAM,15.85°C,18.81°C
MEX,TAM,15.85°C,18.81°C
MEX,TAM,15.85°C,18.81°C
MEX,TAM,15.85°C,18.81°C
MEX,TAM,15.85°C,18.81°C
MEX,TAM,15.85°C,18.81°C
MEX,TAM,15.85°C,18.81°C
MEX,TAM,15.85°C,18.81°C
MEX,TAM,15.85°C,18.81°C
MEX,TAM,15.85°C,18.81°C
MEX,TAM,15.85°C,18.81°C
MEX,TAM,15.85°C,18.81°C
MEX,TAM,15.85°C,18.81°C
MEX,TAM,15.85°C,18.81°C
MEX,TAM,15.85°C,18.81°C
MEX,TAM,15.85°C,18.81°C
MEX,TAM,15.85°C,18.81°C
MEX,TAM,15.85°C,18.81°C
MEX,TAM,15.85°C,18.81°C
MEX,TAM,15.85°C,18.81°C
MEX,TAM,15.85°C,18.81°C
MEX,TAM,15.85°C,18.81°C
MEX,TAM,15.85°C,18.81°C
MEX,TAM,15.85°C,18.81°C
MEX,TAM,15.85°C,18.81°C
MEX,TAM,15.85°C,18.81°C
MEX,TAM,15.85°C,18.81°C
MEX,TAM,15.85°C,18.81°C
MEX,TAM,15.85°C,18.81°C
MEX,TAM,15.85°C,18.81°C
MEX,TAM,15.85°C,18.81°C
MEX,TAM,15.85°C,18.81°C
MEX,TAM,15.85°C,18.81°C
MEX,TAM,15.85°C,18.81°C
MEX,TAM,15.85°C,18.81°C
MEX,TAM,15.85°C,18.81°C
MEX,TAM,15.85°C,18.81°C
MEX,TAM,15.85°C,18.81°C
MEX,TAM,15.85°C,18.81°C
MEX,TAM,15.85°C,18.81°C
MEX,TAM,15.85°C,18.81°C
MEX,TAM,15.85°C,18.81°C
MEX,TAM,15.85°C,18.81°C
MEX,TAM,15.85°C,18.81°C
MEX,TAM,15.85°C,18.81°C
MEX,TAM,15.85°C,18.81°C
MEX,TAM,15.85°C,18.81°C
MEX,TAM,15.85°C,18.81°C
MEX,TAM,15.85°C,18.81°C
TAM,MEX,18.81°C,15.85°C
TAM,MEX,18.81°C,15.85°C
TAM,MEX,18.81°C,15.85°C
TAM,MEX,18.81°C,15.85°C
TAM,MEX,18.81°C,15.85°C
MEX,TAM,15.85°C,18.81°C
TAM,MEX,18.81°C,15.85°C
TAM,MEX,18.81°C,15.85°C
TAM,MEX,18.81°C,15.85°C
MEX,TAM,15.85°C,18.81°C
MEX,TAM,15.85°C,18.81°C
MEX,TAM,15.85°C,18.81°C
MEX,TAM,15.85°C,18.81°C
MEX,TAM,15.85°C,18.81°C
MEX,TAM,15.85°C,18.81°C
MEX,TAM,15.85°C,18.81°C
MEX,TAM,15.85°C,18.81°C
MEX,TAM,15.85°C,18.81°C
MEX,TAM,15.85°C,18.81°C
MEX,TAM,15.85°C,18.81°C
MEX,TAM,15.85°C,18.81°C
MEX,TAM,15.85°C,18.81°C
MEX,TAM,15.85°C,18.81°C
MEX,TAM,15.85°C,18.81°C
MEX,TAM,15.85°C,18.81°C
MEX,TAM,15.85°C,18.81°C
MEX,TAM,15.85°C,18.81°C
MEX,TAM,15.85°C,18.81°C
MEX,TAM,15.85°C,18.81°C
TAM,MEX,18.81°C,15.85°C
TAM,MEX,18.81°C,15.85°C
TAM,MEX,18.81°C,15.85°C
TAM,MEX,18.81°C,15.85°C
TAM,MEX,18.81°C,15.85°C
TAM,MEX,18.81°C,15.85°C
TAM,MEX,18.81°C,15.85°C
TAM,MEX,18.81°C,15.85°C
TAM,MEX,18.81°C,15.85°C
TAM,MEX,18.81°C,15.85°C
MEX,GDL,15.85°C,17°C
GDL,MEX,17°C,15.85°C
GDL,MEX,17°C,15.85°C
GDL,MEX,17°C,15.85°C
MEX,GDL,15.85°C,17°C
MEX,GDL,15.85°C,17°C
MEX,GDL,15.85°C,17°C
MEX,GDL,15.85°C,17°C
GDL,MEX,17°C,15.85°C
MEX,GDL,15.85°C,17°C
MEX,GDL,15.85°C,17°C
MEX,GDL,15.85°C,17°C
MEX,GDL,15.85°C,17°C
MEX,GDL,15.85°C,17°C
MEX,GDL,15.85°C,17°C
GDL,MEX,17°C,15.85°C
GDL,MEX,17°C,15.85°C
GDL,MEX,17°C,15.85°C
GDL,MEX,17°C,15.85°C
GDL,MEX,17°C,15.85°C
GDL,MEX,17°C,15.85°C
GDL,MEX,17°C,15.85°C
GDL,MEX,17°C,15.85°C
GDL,MEX,17°C,15.85°C
GDL,MEX,17°C,15.85°C
GDL,MEX,17°C,15.85°C
GDL,MEX,17°C,15.85°C
GDL,MEX,17°C,15.85°C
GDL,MEX,17°C,15.85°C
GDL,MEX,17°C,15.85°C
GDL,MEX,17°C,15.85°C
GDL,MEX,17°C,15.85°C
GDL,MEX,17°C,15.85°C
GDL,MEX,17°C,15.85°C
GDL,MEX,17°C,15.85°C
GDL,MEX,17°C,15.85°C
GDL,MEX,17°C,15.85°C
GDL,MEX,17°C,15.85°C
GDL,MEX,17°C,15.85°C
GDL,MEX,17°C,15.85°C
GDL,MEX,17°C,15.85°C
GDL,MEX,17°C,15.85°C
GDL,MEX,17°C,15.85°C
GDL,MEX,17°C,15.85°C
GDL,MEX,17°C,15.85°C
GDL,MEX,17°C,15.85°C
GDL,MEX,17°C,15.85°C
GDL,MEX,17°C,15.85°C
GDL,MEX,17°C,15.85°C
GDL,MEX,17°C,15.85°C
GDL,MEX,17°C,15.85°C
GDL,MEX,17°C,15.85°C
MEX,GDL,15.85°C,17°C
MEX,GDL,15.85°C,17°C
MEX,GDL,15.85°C,17°C
MEX,GDL,15.85°C,17°C
MEX,GDL,15.85°C,17°C
MEX,GDL,15.85°C,17°C
MEX,GDL,15.85°C,17°C
MEX,GDL,15.85°C,17°C
MEX,GDL,15.85°C,17°C
MEX,GDL,15.85°C,17°C
MEX,GDL,15.85°C,17°C
MEX,GDL,15.85°C,17°C
MEX,GDL,15.85°C,17°C
MEX,GDL,15.85°C,17°C
MEX,GDL,15.85°C,17°C
MEX,GDL,15.85°C,17°C
MEX,GDL,15.85°C,17°C
MEX,GDL,15.85°C,17°C
MEX,GDL,15.85°C,17°C
MEX,GDL,15.85°C,17°C
MEX,GDL,15.85°C,17°C
MEX,GDL,15.85°C,17°C
MEX,GDL,15.85°C,17°C
MEX,GDL,15.85°C,17°C
MEX,GDL,15.85°C,17°C
MEX,GDL,15.85°C,17°C
MEX,GDL,15.85°C,17°C
MEX,GDL,15.85°C,17°C
MEX,GDL,15.85°C,17°C
MEX,GDL,15.85°C,17°C
MEX,GDL,15.85°C,17°C
MEX,GDL,15.85°C,17°C
MEX,GDL,15.85°C,17°C
MEX,GDL,15.85°C,17°C
MEX,GDL,15.85°C,17°C
MEX,GDL,15.85°C,17°C
MEX,GDL,15.85°C,17°C
MEX,GDL,15.85°C,17°C
MEX,GDL,15.85°C,17°C
MEX,GDL,15.85°C,17°C
MEX,GDL,15.85°C,17°C
MEX,GDL,15.85°C,17°C
MEX,GDL,15.85°C,17°C
MEX,GDL,15.85°C,17°C
MEX,GDL,15.85°C,17°C
MEX,GDL,15.85°C,17°C
MEX,GDL,15.85°C,17°C
MEX,GDL,15.85°C,17°C
MEX,GDL,15.85°C,17°C
MEX,GDL,15.85°C,17°C
MEX,GDL,15.85°C,17°C
MEX,GDL,15.85°C,17°C
MEX,GDL,15.85°C,17°C
MEX,GDL,15.85°C,17°C
MEX,GDL,15.85°C,17°C
MEX,GDL,15.85°C,17°C
MEX,GDL,15.85°C,17°C
MEX,GDL,15.85°C,17°C
MEX,GDL,15.85°C,17°C
GDL,MEX,17°C,15.85°C
GDL,MEX,17°C,15.85°C
MEX,GDL,15.85°C,17°C
MEX,GDL,15.85°C,17°C
MEX,GDL,15.85°C,17°C
MEX,GDL,15.85°C,17°C
MEX,GDL,15.85°C,17°C
MEX,GDL,15.85°C,17°C
MEX,GDL,15.85°C,17°C
MEX,GDL,15.85°C,17°C
GDL,MEX,17°C,15.85°C
GDL,MEX,17°C,15.85°C
MEX,GDL,15.85°C,17°C
MEX,GDL,15.85°C,17°C
MEX,GDL,15.85°C,17°C
MEX,GDL,15.85°C,17°C
MEX,CJS,15.85°C,13.63°C
MEX,CJS,15.85°C,13.63°C
CJS,MEX,13.63°C,15.85°C
CJS,MEX,13.63°C,15.85°C
MTY,GDL,18.07°C,17°C
CUN,MEX,26°C,15.85°C
CUN,MEX,26°C,15.85°C
CUN,MEX,26°C,15.85°C
CUN,MEX,26°C,15.85°C
CUN,MEX,26°C,15.85°C
CUN,MEX,26°C,15.85°C
CUN,MEX,26°C,15.85°C
MEX,CUN,15.85°C,26°C
MEX,CUN,15.85°C,26°C
MEX,CUN,15.85°C,26°C
MEX,CUN,15.85°C,26°C
MEX,CUN,15.85°C,26°C
MEX,CUN,15.85°C,26°C
MEX,CUN,15.85°C,26°C
MEX,CUN,15.85°C,26°C
MEX,CUN,15.85°C,26°C
MEX,CUN,15.85°C,26°C
MEX,CUN,15.85°C,26°C
CUN,MEX,26°C,15.85°C
CUN,MEX,26°C,15.85°C
MEX,CUN,15.85°C,26°C
MEX,CUN,15.85°C,26°C
MEX,CUN,15.85°C,26°C
MEX,CUN,15.85°C,26°C
MEX,CUN,15.85°C,26°C
MEX,CUN,15.85°C,26°C
MEX,CUN,15.85°C,26°C
CUN,MEX,26°C,15.85°C
CUN,MEX,26°C,15.85°C
CUN,MEX,26°C,15.85°C
CUN,MEX,26°C,15.85°C
MEX,CUN,15.85°C,26°C
MEX,CUN,15.85°C,26°C
MEX,CUN,15.85°C,26°C
MEX,CUN,15.85°C,26°C
MEX,CUN,15.85°C,26°C
MEX,CUN,15.85°C,26°C
MEX,CUN,15.85°C,26°C
MEX,CUN,15.85°C,26°C
MEX,CUN,15.85°C,26°C
CUN,MEX,26°C,15.85°C
CUN,MEX,26°C,15.85°C
CUN,MEX,26°C,15.85°C
CUN,MEX,26°C,15.85°C
CUN,MEX,26°C,15.85°C
CUN,MEX,26°C,15.85°C
MEX,CUN,15.85°C,26°C
MEX,CUN,15.85°C,26°C
MEX,CUN,15.85°C,26°C
MEX,CUN,15.85°C,26°C
MEX,CUN,15.85°C,26°C
MEX,CUN,15.85°C,26°C
MEX,CUN,15.85°C,26°C
MEX,CUN,15.85°C,26°C
MEX,CUN,15.85°C,26°C
MEX,CUN,15.85°C,26°C
MEX,CUN,15.85°C,26°C
MEX,CUN,15.85°C,26°C
MEX,CUN,15.85°C,26°C
MEX,CUN,15.85°C,26°C
MEX,CUN,15.85°C,26°C
CUN,MEX,26°C,15.85°C
MEX,CUN,15.85°C,26°C
MEX,CUN,15.85°C,26°C
MEX,CUN,15.85°C,26°C
MEX,CUN,15.85°C,26°C
MEX,CUN,15.85°C,26°C
MEX,CUN,15.85°C,26°C
MEX,CUN,15.85°C,26°C
MEX,CUN,15.85°C,26°C
CUN,MEX,26°C,15.85°C
CUN,MEX,26°C,15.85°C
CUN,MEX,26°C,15.85°C
MEX,CUN,15.85°C,26°C
MEX,CUN,15.85°C,26°C
MEX,CUN,15.85°C,26°C
MEX,CUN,15.85°C,26°C
MEX,CUN,15.85°C,26°C
MEX,CUN,15.85°C,26°C
MEX,CUN,15.85°C,26°C
TIJ,MEX,10.63°C,15.85°C
MEX,TIJ,15.85°C,10.63°C
TIJ,MEX,10.63°C,15.85°C
MEX,TIJ,15.85°C,10.63°C
MEX,HMO,15.85°C,13.53°C
HMO,MEX,13.53°C,15.85°C
MEX,CME,15.85°C,25.21°C
MEX,CME,15.85°C,25.21°C
CME,MEX,25.21°C,15.85°C
CME,MEX,25.21°C,15.85°C
MEX,MID,15.85°C,24.43°C
MEX,MID,15.85°C,24.43°C
MID,MEX,24.43°C,15.85°C
MEX,MID,15.85°C,24.43°C
MID,MEX,24.43°C,15.85°C
MEX,CTM,15.85°C,24.82°C
MEX,CTM,15.85°C,24.82°C
CTM,MEX,24.82°C,15.85°C
CTM,MEX,24.82°C,15.85°C
CTM,MEX,24.82°C,15.85°C
CTM,MEX,24.82°C,15.85°C
CTM,MEX,24.82°C,15.85°C
CTM,MEX,24.82°C,15.85°C
MEX,CTM,15.85°C,24.82°C
MEX,CTM,15.85°C,24.82°C
MEX,CTM,15.85°C,24.82°C
MEX,CTM,15.85°C,24.82°C
CTM,MEX,24.82°C,15.85°C
CTM,MEX,24.82°C,15.85°C
VER,MEX,20.56°C,15.85°C
VER,MEX,20.56°C,15.85°C
MEX,VER,15.85°C,20.56°C
MEX,VER,15.85°C,20.56°C
MEX,VER,15.85°C,20.56°C
MEX,VER,15.85°C,20.56°C
MEX,VER,15.85°C,20.56°C
MEX,VER,15.85°C,20.56°C
MEX,VER,15.85°C,20.56°C
VER,MEX,20.56°C,15.85°C
VER,MEX,20.56°C,15.85°C
VER,MEX,20.56°C,15.85°C
VER,MEX,20.56°C,15.85°C
VER,MEX,20.56°C,15.85°C
VER,MEX,20.56°C,15.85°C
VER,MEX,20.56°C,15.85°C
VER,MEX,20.56°C,15.85°C
VER,MEX,20.56°C,15.85°C
VER,MEX,20.56°C,15.85°C
VER,MEX,20.56°C,15.85°C
VER,MEX,20.56°C,15.85°C
VER,MEX,20.56°C,15.85°C
VER,MEX,20.56°C,15.85°C
MEX,OAX,15.85°C,13.47°C
OAX,MEX,13.47°C,15.85°C
MEX,HUX,15.85°C,23.89°C
MEX,HUX,15.85°C,23.89°C
HUX,MEX,23.89°C,15.85°C
HUX,MEX,23.89°C,15.85°C
MEX,ZIH,15.85°C,22.39°C
MEX,ZIH,15.85°C,22.39°C
MEX,ZIH,15.85°C,22.39°C
MEX,ZIH,15.85°C,22.39°C
MEX,ZIH,15.85°C,22.39°C
PVR,MEX,19.44°C,15.85°C
PVR,MEX,19.44°C,15.85°C
PVR,MEX,19.44°C,15.85°C
PVR,MEX,19.44°C,15.85°C
PVR,MEX,19.44°C,15.85°C
PVR,MEX,19.44°C,15.85°C
PVR,MEX,19.44°C,15.85°C
MEX,PVR,15.85°C,19.44°C
MEX,PVR,15.85°C,19.44°C
PVR,MEX,19.44°C,15.85°C
MEX,PVR,15.85°C,19.44°C
MEX,PVR,15.85°C,19.44°C
MEX,LIM,15.85°C,20.05°C
MEX,LIM,15.85°C,20.05°C
MEX,LIM,15.85°C,20.05°C
MEX,LIM,15.85°C,20.05°C
MEX,LIM,15.85°C,20.05°C
MEX,LIM,15.85°C,20.05°C
MEX,LIM,15.85°C,20.05°C
MEX,LIM,15.85°C,20.05°C
MEX,LIM,15.85°C,20.05°C
MEX,LIM,15.85°C,20.05°C
MEX,LIM,15.85°C,20.05°C
MEX,LIM,15.85°C,20.05°C
MEX,LIM,15.85°C,20.05°C
MEX,LIM,15.85°C,20.05°C
MEX,LIM,15.85°C,20.05°C
MEX,LIM,15.85°C,20.05°C
MEX,LIM,15.85°C,20.05°C
MEX,LIM,15.85°C,20.05°C
MEX,LIM,15.85°C,20.05°C
MEX,LIM,15.85°C,20.05°C
MEX,LIM,15.85°C,20.05°C
MEX,LIM,15.85°C,20.05°C
MEX,LIM,15.85°C,20.05°C
MEX,LIM,15.85°C,20.05°C
MEX,LIM,15.85°C,20.05°C
MEX,LIM,15.85°C,20.05°C
MEX,LIM,15.85°C,20.05°C
MEX,LIM,15.85°C,20.05°C
MEX,LIM,15.85°C,20.05°C
MEX,LIM,15.85°C,20.05°C
MEX,LIM,15.85°C,20.05°C
MEX,LIM,15.85°C,20.05°C
MEX,LIM,15.85°C,20.05°C
MEX,LIM,15.85°C,20.05°C
MEX,LIM,15.85°C,20.05°C
MEX,LIM,15.85°C,20.05°C
MEX,LIM,15.85°C,20.05°C
MEX,LIM,15.85°C,20.05°C
MEX,LIM,15.85°C,20.05°C
MEX,LIM,15.85°C,20.05°C
MEX,LIM,15.85°C,20.05°C
MEX,LIM,15.85°C,20.05°C
MEX,LIM,15.85°C,20.05°C
MEX,LIM,15.85°C,20.05°C
MEX,LIM,15.85°C,20.05°C
MEX,LIM,15.85°C,20.05°C
MEX,LIM,15.85°C,20.05°C
MEX,LIM,15.85°C,20.05°C
MEX,LIM,15.85°C,20.05°C
MEX,LIM,15.85°C,20.05°C
MEX,LIM,15.85°C,20.05°C
MEX,LIM,15.85°C,20.05°C
MEX,LIM,15.85°C,20.05°C
MEX,LIM,15.85°C,20.05°C
MEX,LIM,15.85°C,20.05°C
MEX,LIM,15.85°C,20.05°C
MEX,LIM,15.85°C,20.05°C
MEX,LIM,15.85°C,20.05°C
MEX,LIM,15.85°C,20.05°C
MEX,LIM,15.85°C,20.05°C
MEX,LIM,15.85°C,20.05°C
MEX,LIM,15.85°C,20.05°C
MEX,LIM,15.85°C,20.05°C
MEX,LIM,15.85°C,20.05°C
MEX,LIM,15.85°C,20.05°C
MEX,LIM,15.85°C,20.05°C
MEX,LIM,15.85°C,20.05°C
MEX,LIM,15.85°C,20.05°C
MEX,LIM,15.85°C,20.05°C
MEX,LIM,15.85°C,20.05°C
MEX,LIM,15.85°C,20.05°C
MEX,LIM,15.85°C,20.05°C
MEX,LIM,15.85°C,20.05°C
MEX,LIM,15.85°C,20.05°C
MEX,LIM,15.85°C,20.05°C
MEX,LIM,15.85°C,20.05°C
MEX,LIM,15.85°C,20.05°C
MEX,LIM,15.85°C,20.05°C
MEX,LIM,15.85°C,20.05°C
MEX,LIM,15.85°C,20.05°C
MEX,LIM,15.85°C,20.05°C
MEX,LIM,15.85°C,20.05°C
MEX,LIM,15.85°C,20.05°C
MEX,LIM,15.85°C,20.05°C
MEX,LIM,15.85°C,20.05°C
MEX,LIM,15.85°C,20.05°C
MEX,LIM,15.85°C,20.05°C
MEX,LIM,15.85°C,20.05°C
MEX,LIM,15.85°C,20.05°C
MEX,LIM,15.85°C,20.05°C
MEX,LIM,15.85°C,20.05°C
MEX,LIM,15.85°C,20.05°C
MEX,LIM,15.85°C,20.05°C
MEX,LIM,15.85°C,20.05°C
MEX,LIM,15.85°C,20.05°C
MEX,LIM,15.85°C,20.05°C
MEX,LIM,15.85°C,20.05°C
MEX,LIM,15.85°C,20.05°C
MEX,LIM,15.85°C,20.05°C
MEX,LIM,15.85°C,20.05°C
MEX,LIM,15.85°C,20.05°C
MEX,LIM,15.85°C,20.05°C
MEX,LIM,15.85°C,20.05°C
MEX,LIM,15.85°C,20.05°C
MEX,LIM,15.85°C,20.05°C
MEX,LIM,15.85°C,20.05°C
MEX,LIM,15.85°C,20.05°C
MEX,LIM,15.85°C,20.05°C
MEX,LIM,15.85°C,20.05°C
MEX,LIM,15.85°C,20.05°C
MEX,LIM,15.85°C,20.05°C
MEX,LIM,15.85°C,20.05°C
MEX,LIM,15.85°C,20.05°C
MEX,LIM,15.85°C,20.05°C
MEX,LIM,15.85°C,20.05°C
MEX,LIM,15.85°C,20.05°C
MEX,LIM,15.85°C,20.05°C
MEX,LIM,15.85°C,20.05°C
MEX,LIM,15.85°C,20.05°C
MEX,LIM,15.85°C,20.05°C
MEX,LIM,15.85°C,20.05°C
MEX,LIM,15.85°C,20.05°C
MEX,LIM,15.85°C,20.05°C
MEX,LIM,15.85°C,20.05°C
MEX,LIM,15.85°C,20.05°C
MEX,LIM,15.85°C,20.05°C
MEX,LIM,15.85°C,20.05°C
MEX,LIM,15.85°C,20.05°C
MEX,LIM,15.85°C,20.05°C
MEX,LIM,15.85°C,20.05°C
MEX,LIM,15.85°C,20.05°C
MEX,LIM,15.85°C,20.05°C
MEX,LIM,15.85°C,20.05°C
MEX,LIM,15.85°C,20.05°C
MEX,LIM,15.85°C,20.05°C
MEX,LIM,15.85°C,20.05°C
MEX,LIM,15.85°C,20.05°C
MEX,LIM,15.85°C,20.05°C
MEX,LIM,15.85°C,20.05°C
MEX,LIM,15.85°C,20.05°C
MEX,LIM,15.85°C,20.05°C
MEX,LIM,15.85°C,20.05°C
MEX,LIM,15.85°C,20.05°C
MEX,HAV,15.85°C,19°C
MEX,BOG,15.85°C,10°C
MEX,BOG,15.85°C,10°C
MEX,BOG,15.85°C,10°C
MEX,BOG,15.85°C,10°C
MEX,BOG,15.85°C,10°C
MEX,BOG,15.85°C,10°C
MEX,BOG,15.85°C,10°C
MEX,BOG,15.85°C,10°C
MEX,BOG,15.85°C,10°C
MEX,BOG,15.85°C,10°C
MEX,BOG,15.85°C,10°C
MEX,BOG,15.85°C,10°C
MEX,BOG,15.85°C,10°C
MEX,BOG,15.85°C,10°C
MEX,BOG,15.85°C,10°C
MEX,BOG,15.85°C,10°C
MEX,BOG,15.85°C,10°C
MEX,BOG,15.85°C,10°C
MEX,BOG,15.85°C,10°C
MEX,BOG,15.85°C,10°C
MEX,BOG,15.85°C,10°C
MEX,BOG,15.85°C,10°C
MEX,BOG,15.85°C,10°C
MEX,BOG,15.85°C,10°C
MEX,BOG,15.85°C,10°C
MEX,BOG,15.85°C,10°C
MEX,BOG,15.85°C,10°C
MEX,BOG,15.85°C,10°C
MEX,BOG,15.85°C,10°C
MEX,BOG,15.85°C,10°C
MEX,BOG,15.85°C,10°C
MEX,BOG,15.85°C,10°C
MEX,BOG,15.85°C,10°C
MEX,BOG,15.85°C,10°C
MEX,BOG,15.85°C,10°C
MEX,BOG,15.85°C,10°C
MEX,BOG,15.85°C,10°C
MEX,BOG,15.85°C,10°C
MEX,BOG,15.85°C,10°C
MEX,BOG,15.85°C,10°C
MEX,BOG,15.85°C,10°C
MEX,BOG,15.85°C,10°C
MEX,BOG,15.85°C,10°C
MEX,BOG,15.85°C,10°C
MEX,BOG,15.85°C,10°C
MEX,BOG,15.85°C,10°C
MEX,BOG,15.85°C,10°C
MEX,BOG,15.85°C,10°C
MEX,BOG,15.85°C,10°C
MEX,BOG,15.85°C,10°C
MEX,BOG,15.85°C,10°C
MEX,BOG,15.85°C,10°C
MEX,BOG,15.85°C,10°C
MEX,MIA,15.85°C,22.85°C
MEX,MIA,15.85°C,22.85°C
MEX,MIA,15.85°C,22.85°C
MEX,LAX,15.85°C,13.12°C
MEX,LAX,15.85°C,13.12°C
MEX,JFK,15.85°C,3.04°C
MEX,TAM,15.85°C,18.81°C
MEX,TAM,15.85°C,18.81°C
MEX,TAM,15.85°C,18.81°C
MEX,TAM,15.85°C,18.81°C
MEX,TAM,15.85°C,18.81°C
MEX,TAM,15.85°C,18.81°C
MEX,TAM,15.85°C,18.81°C
MEX,TAM,15.85°C,18.81°C
MEX,TAM,15.85°C,18.81°C
MEX,TAM,15.85°C,18.81°C
MEX,TAM,15.85°C,18.81°C
MEX,TAM,15.85°C,18.81°C
MEX,TAM,15.85°C,18.81°C
MEX,TAM,15.85°C,18.81°C
MEX,TAM,15.85°C,18.81°C
MEX,TAM,15.85°C,18.81°C
MEX,TAM,15.85°C,18.81°C
MEX,TAM,15.85°C,18.81°C
MEX,TAM,15.85°C,18.81°C
TAM,MEX,18.81°C,15.85°C
TAM,MEX,18.81°C,15.85°C
TAM,MEX,18.81°C,15.85°C
TAM,MEX,18.81°C,15.85°C
TAM,MEX,18.81°C,15.85°C
TAM,MEX,18.81°C,15.85°C
TAM,MEX,18.81°C,15.85°C
TAM,MEX,18.81°C,15.85°C
TAM,MEX,18.81°C,15.85°C
TAM,MEX,18.81°C,15.85°C
TAM,MEX,18.81°C,15.85°C
MEX,TRC,15.85°C,14.35°C
MEX,PXM,15.85°C,23.48°C
MEX,PXM,15.85°C,23.48°C
PXM,MEX,23.48°C,15.85°C
PXM,MEX,23.48°C,15.85°C
MEX,CUN,15.85°C,26°C
CUN,MEX,26°C,15.85°C
CUN,MEX,26°C,15.85°C
CUN,MEX,26°C,15.85°C
CUN,MEX,26°C,15.85°C
CUN,MEX,26°C,15.85°C
CUN,MEX,26°C,15.85°C
CUN,MEX,26°C,15.85°C
CUN,MEX,26°C,15.85°C
CUN,MEX,26°C,15.85°C
CUN,MEX,26°C,15.85°C
CUN,MEX,26°C,15.85°C
CUN,MEX,26°C,15.85°C
ACA,MEX,22°C,15.85°C
MEX,ACA,15.85°C,22°C
ZIH,MEX,22.39°C,15.85°C
ZIH,MEX,22.39°C,15.85°C
ZIH,MEX,22.39°C,15.85°C
ZIH,MEX,22.39°C,15.85°C
ZIH,MEX,22.39°C,15.85°C
MEX,PVR,15.85°C,19.44°C
MEX,PVR,15.85°C,19.44°C
MEX,PVR,15.85°C,19.44°C
MEX,PVR,15.85°C,19.44°C
MEX,PVR,15.85°C,19.44°C
MEX,PVR,15.85°C,19.44°C
MEX,MZT,15.85°C,10°C
MEX,GUA,15.85°C,17°C
TLC,MTY,8°C,18.07°C
MTY,TLC,18.07°C,8°C
AGU,MTY,11.09°C,18.07°C
AGU,MTY,11.09°C,18.07°C
CUN,MEX,26°C,15.85°C
MEX,LIM,15.85°C,20.05°C
MEX,LIM,15.85°C,20.05°C
MEX,LIM,15.85°C,20.05°C
MEX,LIM,15.85°C,20.05°C
CUN,BOG,26°C,10°C
CUN,BOG,26°C,10°C
CUN,BOG,26°C,10°C
CUN,MID,26°C,24.43°C
MID,VER,24.43°C,20.56°C
MID,VER,24.43°C,20.56°C
MID,VSA,24.43°C,24°C
VSA,MID,24°C,24.43°C
VSA,MID,24°C,24.43°C
VSA,MID,24°C,24.43°C
VER,MID,20.56°C,24.43°C
VER,MID,20.56°C,24.43°C
CUN,BZE,26°C,26.68°C
CUN,BZE,26°C,26.68°C
MEX,MIA,15.85°C,22.85°C
MEX,MIA,15.85°C,22.85°C
MEX,MIA,15.85°C,22.85°C
MEX,MIA,15.85°C,22.85°C
MEX,MIA,15.85°C,22.85°C
MEX,MIA,15.85°C,22.85°C
MEX,MIA,15.85°C,22.85°C
MEX,MIA,15.85°C,22.85°C
MEX,MIA,15.85°C,22.85°C
MEX,MIA,15.85°C,22.85°C
MEX,MIA,15.85°C,22.85°C
MEX,MIA,15.85°C,22.85°C
MEX,MIA,15.85°C,22.85°C
MEX,MIA,15.85°C,22.85°C
MEX,MIA,15.85°C,22.85°C
MEX,MIA,15.85°C,22.85°C
MEX,MIA,15.85°C,22.85°C
MEX,MIA,15.85°C,22.85°C
MEX,MIA,15.85°C,22.85°C
MEX,MIA,15.85°C,22.85°C
MEX,MIA,15.85°C,22.85°C
MEX,MIA,15.85°C,22.85°C
MEX,MIA,15.85°C,22.85°C
MEX,MIA,15.85°C,22.85°C
MEX,MIA,15.85°C,22.85°C
MEX,MIA,15.85°C,22.85°C
MEX,MIA,15.85°C,22.85°C
MEX,MIA,15.85°C,22.85°C
MEX,MIA,15.85°C,22.85°C
MEX,MIA,15.85°C,22.85°C
GDL,DFW,17°C,4.15°C
GDL,DFW,17°C,4.15°C
GDL,DFW,17°C,4.15°C
GDL,DFW,17°C,4.15°C
GDL,DFW,17°C,4.15°C
GDL,DFW,17°C,4.15°C
GDL,DFW,17°C,4.15°C
GDL,DFW,17°C,4.15°C
GDL,DFW,17°C,4.15°C
GDL,DFW,17°C,4.15°C
GDL,DFW,17°C,4.15°C
GDL,DFW,17°C,4.15°C
GDL,DFW,17°C,4.15°C
GDL,DFW,17°C,4.15°C
GDL,DFW,17°C,4.15°C
GDL,DFW,17°C,4.15°C
GDL,DFW,17°C,4.15°C
GDL,DFW,17°C,4.15°C
GDL,DFW,17°C,4.15°C
GDL,DFW,17°C,4.15°C
GDL,DFW,17°C,4.15°C
GDL,DFW,17°C,4.15°C
GDL,DFW,17°C,4.15°C
GDL,DFW,17°C,4.15°C
GDL,DFW,17°C,4.15°C
GDL,DFW,17°C,4.15°C
GDL,DFW,17°C,4.15°C
GDL,DFW,17°C,4.15°C
GDL,DFW,17°C,4.15°C
GDL,DFW,17°C,4.15°C
GDL,DFW,17°C,4.15°C
MEX,DFW,15.85°C,4.15°C
MEX,DFW,15.85°C,4.15°C
MEX,DFW,15.85°C,4.15°C
MEX,DFW,15.85°C,4.15°C
MEX,DFW,15.85°C,4.15°C
MEX,DFW,15.85°C,4.15°C
MEX,DFW,15.85°C,4.15°C
MEX,DFW,15.85°C,4.15°C
MEX,DFW,15.85°C,4.15°C
MEX,DFW,15.85°C,4.15°C
MEX,DFW,15.85°C,4.15°C
MEX,DFW,15.85°C,4.15°C
MEX,DFW,15.85°C,4.15°C
MEX,DFW,15.85°C,4.15°C
MEX,DFW,15.85°C,4.15°C
MEX,DFW,15.85°C,4.15°C
MEX,DFW,15.85°C,4.15°C
MEX,DFW,15.85°C,4.15°C
MEX,DFW,15.85°C,4.15°C
MEX,DFW,15.85°C,4.15°C
MEX,DFW,15.85°C,4.15°C
MEX,DFW,15.85°C,4.15°C
MEX,DFW,15.85°C,4.15°C
CUN,DFW,26°C,4.15°C
CUN,DFW,26°C,4.15°C
CUN,DFW,26°C,4.15°C
CUN,DFW,26°C,4.15°C
CUN,DFW,26°C,4.15°C
CUN,DFW,26°C,4.15°C
CUN,DFW,26°C,4.15°C
CUN,DFW,26°C,4.15°C
CUN,DFW,26°C,4.15°C
CUN,DFW,26°C,4.15°C
CUN,DFW,26°C,4.15°C
CUN,DFW,26°C,4.15°C
CUN,DFW,26°C,4.15°C
CUN,DFW,26°C,4.15°C
CUN,MIA,26°C,22.85°C
CUN,MIA,26°C,22.85°C
CUN,MIA,26°C,22.85°C
CUN,MIA,26°C,22.85°C
CUN,MIA,26°C,22.85°C
CUN,MIA,26°C,22.85°C
CUN,MIA,26°C,22.85°C
CUN,MIA,26°C,22.85°C
CUN,MIA,26°C,22.85°C
CUN,MIA,26°C,22.85°C
CUN,MIA,26°C,22.85°C
CUN,MIA,26°C,22.85°C
CUN,MIA,26°C,22.85°C
CUN,MIA,26°C,22.85°C
CUN,MIA,26°C,22.85°C
CUN,MIA,26°C,22.85°C
CUN,MIA,26°C,22.85°C
CUN,MIA,26°C,22.85°C
CUN,MIA,26°C,22.85°C
CUN,MIA,26°C,22.85°C
CUN,MIA,26°C,22.85°C
CUN,MIA,26°C,22.85°C
CUN,MIA,26°C,22.85°C
CUN,MIA,26°C,22.85°C
CUN,MIA,26°C,22.85°C
CUN,MIA,26°C,22.85°C
CUN,MIA,26°C,22.85°C
CUN,MIA,26°C,22.85°C
CUN,MIA,26°C,22.85°C
CUN,MIA,26°C,22.85°C
PVR,DFW,19.44°C,4.15°C
PVR,DFW,19.44°C,4.15°C
CZM,DFW,24.93°C,4.15°C
CZM,DFW,24.93°C,4.15°C
CZM,DFW,24.93°C,4.15°C
CUN,MIA,26°C,22.85°C
CUN,MIA,26°C,22.85°C
CUN,MIA,26°C,22.85°C
CUN,MIA,26°C,22.85°C
CUN,MIA,26°C,22.85°C
CUN,MIA,26°C,22.85°C
CUN,MIA,26°C,22.85°C
CUN,MIA,26°C,22.85°C
CUN,MIA,26°C,22.85°C
CUN,MIA,26°C,22.85°C
CUN,MIA,26°C,22.85°C
CUN,MIA,26°C,22.85°C
CUN,MIA,26°C,22.85°C
CUN,MIA,26°C,22.85°C
CUN,MIA,26°C,22.85°C
CUN,MIA,26°C,22.85°C
CUN,MIA,26°C,22.85°C
CUN,MIA,26°C,22.85°C
CUN,MIA,26°C,22.85°C
CUN,MIA,26°C,22.85°C
CUN,MIA,26°C,22.85°C
CUN,MIA,26°C,22.85°C
CUN,MIA,26°C,22.85°C
CUN,MIA,26°C,22.85°C
CUN,MIA,26°C,22.85°C
CUN,MIA,26°C,22.85°C
CUN,MIA,26°C,22.85°C
PVR,DFW,19.44°C,4.15°C
PVR,DFW,19.44°C,4.15°C
CUN,JFK,26°C,3.04°C
CUN,DFW,26°C,4.15°C
GDL,DFW,17°C,4.15°C
MEX,DFW,15.85°C,4.15°C
MEX,DFW,15.85°C,4.15°C
MEX,DFW,15.85°C,4.15°C
MEX,DFW,15.85°C,4.15°C
MEX,DFW,15.85°C,4.15°C
MEX,DFW,15.85°C,4.15°C
MEX,DFW,15.85°C,4.15°C
MEX,DFW,15.85°C,4.15°C
MEX,DFW,15.85°C,4.15°C
MEX,DFW,15.85°C,4.15°C
MEX,DFW,15.85°C,4.15°C
MEX,DFW,15.85°C,4.15°C
MEX,DFW,15.85°C,4.15°C
MEX,DFW,15.85°C,4.15°C
MEX,DFW,15.85°C,4.15°C
MEX,DFW,15.85°C,4.15°C
MEX,DFW,15.85°C,4.15°C
MEX,DFW,15.85°C,4.15°C
MEX,MIA,15.85°C,22.85°C
MEX,MIA,15.85°C,22.85°C
MEX,MIA,15.85°C,22.85°C
MEX,MIA,15.85°C,22.85°C
MEX,MIA,15.85°C,22.85°C
MEX,MIA,15.85°C,22.85°C
MEX,MIA,15.85°C,22.85°C
MEX,MIA,15.85°C,22.85°C
MEX,MIA,15.85°C,22.85°C
MEX,MIA,15.85°C,22.85°C
MEX,MIA,15.85°C,22.85°C
MEX,MIA,15.85°C,22.85°C
MEX,MIA,15.85°C,22.85°C
MEX,MIA,15.85°C,22.85°C
MEX,MIA,15.85°C,22.85°C
MEX,MIA,15.85°C,22.85°C
MEX,MIA,15.85°C,22.85°C
MEX,MIA,15.85°C,22.85°C
MEX,MIA,15.85°C,22.85°C
MEX,MIA,15.85°C,22.85°C
MEX,MIA,15.85°C,22.85°C
MEX,MIA,15.85°C,22.85°C
MEX,MIA,15.85°C,22.85°C
MEX,MIA,15.85°C,22.85°C
MEX,MIA,15.85°C,22.85°C
MEX,MIA,15.85°C,22.85°C
MEX,MIA,15.85°C,22.85°C
MEX,MIA,15.85°C,22.85°C
MEX,MIA,15.85°C,22.85°C
MEX,MIA,15.85°C,22.85°C
MEX,MIA,15.85°C,22.85°C
MEX,MIA,15.85°C,22.85°C
MEX,MIA,15.85°C,22.85°C
MEX,MIA,15.85°C,22.85°C
MEX,MIA,15.85°C,22.85°C
MEX,MIA,15.85°C,22.85°C
MEX,MIA,15.85°C,22.85°C
MEX,MIA,15.85°C,22.85°C
MEX,MIA,15.85°C,22.85°C
MEX,MIA,15.85°C,22.85°C
MEX,MIA,15.85°C,22.85°C
MEX,MIA,15.85°C,22.85°C
MEX,MIA,15.85°C,22.85°C
MEX,MIA,15.85°C,22.85°C
MEX,MIA,15.85°C,22.85°C
MEX,MIA,15.85°C,22.85°C
MEX,MIA,15.85°C,22.85°C
MEX,MIA,15.85°C,22.85°C
MEX,MIA,15.85°C,22.85°C
MEX,MIA,15.85°C,22.85°C
MEX,MIA,15.85°C,22.85°C
MEX,MIA,15.85°C,22.85°C
MEX,MIA,15.85°C,22.85°C
MEX,MIA,15.85°C,22.85°C
MEX,MIA,15.85°C,22.85°C
MEX,MIA,15.85°C,22.85°C
MEX,MIA,15.85°C,22.85°C
MEX,MIA,15.85°C,22.85°C
MEX,MIA,15.85°C,22.85°C
MEX,MIA,15.85°C,22.85°C
MEX,MIA,15.85°C,22.85°C
MEX,MIA,15.85°C,22.85°C
MEX,MIA,15.85°C,22.85°C
MEX,MIA,15.85°C,22.85°C
MEX,MIA,15.85°C,22.85°C
MEX,MIA,15.85°C,22.85°C
MEX,MIA,15.85°C,22.85°C
MEX,MIA,15.85°C,22.85°C
MEX,MIA,15.85°C,22.85°C
MEX,MIA,15.85°C,22.85°C
MEX,MIA,15.85°C,22.85°C
MEX,MIA,15.85°C,22.85°C
MEX,MIA,15.85°C,22.85°C
MEX,MIA,15.85°C,22.85°C
MEX,MIA,15.85°C,22.85°C
MEX,MIA,15.85°C,22.85°C
MEX,MIA,15.85°C,22.85°C
MEX,MIA,15.85°C,22.85°C
MEX,MIA,15.85°C,22.85°C
MEX,MIA,15.85°C,22.85°C
MEX,MIA,15.85°C,22.85°C
MEX,MIA,15.85°C,22.85°C
MEX,MIA,15.85°C,22.85°C
MEX,MIA,15.85°C,22.85°C
MEX,MIA,15.85°C,22.85°C
MEX,MIA,15.85°C,22.85°C
MEX,MIA,15.85°C,22.85°C
MEX,MIA,15.85°C,22.85°C
MEX,MIA,15.85°C,22.85°C
MEX,MIA,15.85°C,22.85°C
MEX,MIA,15.85°C,22.85°C
MEX,MIA,15.85°C,22.85°C
MEX,MIA,15.85°C,22.85°C
MEX,MIA,15.85°C,22.85°C
MEX,MIA,15.85°C,22.85°C
MEX,MIA,15.85°C,22.85°C
MEX,MIA,15.85°C,22.85°C
MEX,MIA,15.85°C,22.85°C
MEX,MIA,15.85°C,22.85°C
MEX,MIA,15.85°C,22.85°C
MEX,MIA,15.85°C,22.85°C
CUN,ORD,26°C,-5.88°C
CUN,ORD,26°C,-5.88°C
MEX,DFW,15.85°C,4.15°C
MEX,DFW,15.85°C,4.15°C
MEX,DFW,15.85°C,4.15°C
MEX,DFW,15.85°C,4.15°C
MEX,DFW,15.85°C,4.15°C
MEX,DFW,15.85°C,4.15°C
MEX,DFW,15.85°C,4.15°C
MEX,DFW,15.85°C,4.15°C
MEX,DFW,15.85°C,4.15°C
CUN,MIA,26°C,22.85°C
CUN,MIA,26°C,22.85°C
CUN,MIA,26°C,22.85°C
CUN,MIA,26°C,22.85°C
CUN,MIA,26°C,22.85°C
CUN,MIA,26°C,22.85°C
CUN,MIA,26°C,22.85°C
CUN,MIA,26°C,22.85°C
CUN,MIA,26°C,22.85°C
CUN,MIA,26°C,22.85°C
CUN,MIA,26°C,22.85°C
CUN,MIA,26°C,22.85°C
CUN,MIA,26°C,22.85°C
CUN,MIA,26°C,22.85°C
CUN,MIA,26°C,22.85°C
CUN,MIA,26°C,22.85°C
CUN,MIA,26°C,22.85°C
CUN,MIA,26°C,22.85°C
CUN,MIA,26°C,22.85°C
CUN,MIA,26°C,22.85°C
CUN,MIA,26°C,22.85°C
CUN,MIA,26°C,22.85°C
CUN,MIA,26°C,22.85°C
CUN,MIA,26°C,22.85°C
CUN,MIA,26°C,22.85°C
CUN,MIA,26°C,22.85°C
CUN,MIA,26°C,22.85°C
CUN,MIA,26°C,22.85°C
CUN,MIA,26°C,22.85°C
CUN,MIA,26°C,22.85°C
CUN,MIA,26°C,22.85°C
CUN,MIA,26°C,22.85°C
CUN,MIA,26°C,22.85°C
CUN,MIA,26°C,22.85°C
CUN,MIA,26°C,22.85°C
CUN,MIA,26°C,22.85°C
CUN,MIA,26°C,22.85°C
CUN,MIA,26°C,22.85°C
CUN,MIA,26°C,22.85°C
CUN,MIA,26°C,22.85°C
CUN,MIA,26°C,22.85°C
CUN,MIA,26°C,22.85°C
CUN,MIA,26°C,22.85°C
CUN,MIA,26°C,22.85°C
CUN,MIA,26°C,22.85°C
CUN,MIA,26°C,22.85°C
CUN,MIA,26°C,22.85°C
CUN,MIA,26°C,22.85°C
CUN,MIA,26°C,22.85°C
CUN,MIA,26°C,22.85°C
CUN,MIA,26°C,22.85°C
CUN,MIA,26°C,22.85°C
CUN,MIA,26°C,22.85°C
CUN,MIA,26°C,22.85°C
CUN,MIA,26°C,22.85°C
CUN,MIA,26°C,22.85°C
CUN,MIA,26°C,22.85°C
CUN,MIA,26°C,22.85°C
CUN,MIA,26°C,22.85°C
CUN,MIA,26°C,22.85°C
CUN,MIA,26°C,22.85°C
CUN,MIA,26°C,22.85°C
CUN,MIA,26°C,22.85°C
CUN,MIA,26°C,22.85°C
CUN,MIA,26°C,22.85°C
CUN,MIA,26°C,22.85°C
CUN,MIA,26°C,22.85°C
CUN,MIA,26°C,22.85°C
CUN,MIA,26°C,22.85°C
CUN,MIA,26°C,22.85°C
CUN,MIA,26°C,22.85°C
CUN,MIA,26°C,22.85°C
CUN,DFW,26°C,4.15°C
CUN,DFW,26°C,4.15°C
CUN,DFW,26°C,4.15°C
CUN,DFW,26°C,4.15°C
CUN,DFW,26°C,4.15°C
CUN,DFW,26°C,4.15°C
CUN,DFW,26°C,4.15°C
MEX,DFW,15.85°C,4.15°C
MEX,DFW,15.85°C,4.15°C
MEX,DFW,15.85°C,4.15°C
MEX,DFW,15.85°C,4.15°C
MEX,DFW,15.85°C,4.15°C
MEX,DFW,15.85°C,4.15°C
MEX,DFW,15.85°C,4.15°C
MEX,DFW,15.85°C,4.15°C
MEX,DFW,15.85°C,4.15°C
CUN,MIA,26°C,22.85°C
CUN,MIA,26°C,22.85°C
CUN,MIA,26°C,22.85°C
CUN,MIA,26°C,22.85°C
CUN,MIA,26°C,22.85°C
MEX,LAX,15.85°C,13.12°C
MEX,LAX,15.85°C,13.12°C
MEX,LAX,15.85°C,13.12°C
MEX,LAX,15.85°C,13.12°C
MEX,LAX,15.85°C,13.12°C
MEX,LAX,15.85°C,13.12°C
MEX,LAX,15.85°C,13.12°C
MEX,LAX,15.85°C,13.12°C
MEX,LAX,15.85°C,13.12°C
MEX,LAX,15.85°C,13.12°C
MEX,MIA,15.85°C,22.85°C
MEX,MIA,15.85°C,22.85°C
MEX,MIA,15.85°C,22.85°C
MEX,MIA,15.85°C,22.85°C
MEX,MIA,15.85°C,22.85°C
MEX,MIA,15.85°C,22.85°C
MEX,MIA,15.85°C,22.85°C
MEX,MIA,15.85°C,22.85°C
MEX,MIA,15.85°C,22.85°C
MEX,MIA,15.85°C,22.85°C
MEX,MIA,15.85°C,22.85°C
MEX,MIA,15.85°C,22.85°C
MEX,MIA,15.85°C,22.85°C
MEX,MIA,15.85°C,22.85°C
MEX,MIA,15.85°C,22.85°C
MEX,MIA,15.85°C,22.85°C
MEX,MIA,15.85°C,22.85°C
MEX,MIA,15.85°C,22.85°C
MEX,MIA,15.85°C,22.85°C
MEX,MIA,15.85°C,22.85°C
MEX,MIA,15.85°C,22.85°C
MEX,MIA,15.85°C,22.85°C
MEX,MIA,15.85°C,22.85°C
MEX,MIA,15.85°C,22.85°C
MEX,MIA,15.85°C,22.85°C
MEX,MIA,15.85°C,22.85°C
MEX,MIA,15.85°C,22.85°C
MEX,MIA,15.85°C,22.85°C
MEX,MIA,15.85°C,22.85°C
MEX,MIA,15.85°C,22.85°C
MEX,MIA,15.85°C,22.85°C
MEX,MIA,15.85°C,22.85°C
MEX,MIA,15.85°C,22.85°C
MEX,MIA,15.85°C,22.85°C
MEX,MIA,15.85°C,22.85°C
MEX,MIA,15.85°C,22.85°C
MEX,MIA,15.85°C,22.85°C
MEX,MIA,15.85°C,22.85°C
MEX,MIA,15.85°C,22.85°C
MEX,MIA,15.85°C,22.85°C
MEX,MIA,15.85°C,22.85°C
MEX,MIA,15.85°C,22.85°C
MEX,MIA,15.85°C,22.85°C
MEX,MIA,15.85°C,22.85°C
MEX,MIA,15.85°C,22.85°C
MEX,MIA,15.85°C,22.85°C
MEX,MIA,15.85°C,22.85°C
MEX,MIA,15.85°C,22.85°C
MEX,MIA,15.85°C,22.85°C
MEX,MIA,15.85°C,22.85°C
MEX,MIA,15.85°C,22.85°C
GDL,DFW,17°C,4.15°C
CUN,DFW,26°C,4.15°C
CUN,DFW,26°C,4.15°C
CUN,DFW,26°C,4.15°C
CUN,DFW,26°C,4.15°C
CUN,DFW,26°C,4.15°C
HMO,PHX,13.53°C,10.16°C
MTY,DFW,18.07°C,4.15°C
MTY,DFW,18.07°C,4.15°C
CUU,DFW,10.33°C,4.15°C
TRC,DFW,14.35°C,4.15°C
MTY,DFW,18.07°C,4.15°C
MTY,DFW,18.07°C,4.15°C
MTY,DFW,18.07°C,4.15°C
MTY,DFW,18.07°C,4.15°C
MTY,DFW,18.07°C,4.15°C
MTY,DFW,18.07°C,4.15°C
MTY,DFW,18.07°C,4.15°C
MTY,DFW,18.07°C,4.15°C
MTY,DFW,18.07°C,4.15°C
MTY,DFW,18.07°C,4.15°C
MTY,DFW,18.07°C,4.15°C
MTY,DFW,18.07°C,4.15°C
MTY,DFW,18.07°C,4.15°C
MTY,DFW,18.07°C,4.15°C
MTY,DFW,18.07°C,4.15°C
MTY,DFW,18.07°C,4.15°C
MTY,DFW,18.07°C,4.15°C
MTY,DFW,18.07°C,4.15°C
MTY,DFW,18.07°C,4.15°C
MTY,DFW,18.07°C,4.15°C
MTY,DFW,18.07°C,4.15°C
MTY,DFW,18.07°C,4.15°C
MTY,DFW,18.07°C,4.15°C
MTY,DFW,18.07°C,4.15°C
MTY,DFW,18.07°C,4.15°C
MTY,DFW,18.07°C,4.15°C
MTY,DFW,18.07°C,4.15°C
MTY,DFW,18.07°C,4.15°C
MTY,DFW,18.07°C,4.15°C
MTY,DFW,18.07°C,4.15°C
MTY,DFW,18.07°C,4.15°C
MTY,DFW,18.07°C,4.15°C
MTY,DFW,18.07°C,4.15°C
MTY,DFW,18.07°C,4.15°C
MTY,DFW,18.07°C,4.15°C
MTY,DFW,18.07°C,4.15°C
MTY,DFW,18.07°C,4.15°C
MTY,DFW,18.07°C,4.15°C
MTY,DFW,18.07°C,4.15°C
QRO,DFW,15°C,4.15°C
QRO,DFW,15°C,4.15°C
QRO,DFW,15°C,4.15°C
QRO,DFW,15°C,4.15°C
QRO,DFW,15°C,4.15°C
QRO,DFW,15°C,4.15°C
QRO,DFW,15°C,4.15°C
QRO,DFW,15°C,4.15°C
QRO,DFW,15°C,4.15°C
QRO,DFW,15°C,4.15°C
PVR,DFW,19.44°C,4.15°C
QRO,DFW,15°C,4.15°C
QRO,DFW,15°C,4.15°C
QRO,DFW,15°C,4.15°C
QRO,DFW,15°C,4.15°C
QRO,DFW,15°C,4.15°C
QRO,DFW,15°C,4.15°C
QRO,DFW,15°C,4.15°C
QRO,DFW,15°C,4.15°C
QRO,DFW,15°C,4.15°C
QRO,DFW,15°C,4.15°C
AGU,DFW,11.09°C,4.15°C
AGU,DFW,11.09°C,4.15°C
AGU,DFW,11.09°C,4.15°C
AGU,DFW,11.09°C,4.15°C
AGU,DFW,11.09°C,4.15°C
AGU,DFW,11.09°C,4.15°C
AGU,DFW,11.09°C,4.15°C
AGU,DFW,11.09°C,4.15°C
AGU,DFW,11.09°C,4.15°C
AGU,DFW,11.09°C,4.15°C
AGU,DFW,11.09°C,4.15°C
AGU,DFW,11.09°C,4.15°C
AGU,DFW,11.09°C,4.15°C
MTY,DFW,18.07°C,4.15°C
MTY,DFW,18.07°C,4.15°C
MTY,DFW,18.07°C,4.15°C
BJX,DFW,11.15°C,4.15°C
BJX,DFW,11.15°C,4.15°C
BJX,DFW,11.15°C,4.15°C
MTY,DFW,18.07°C,4.15°C
MTY,DFW,18.07°C,4.15°C
MTY,DFW,18.07°C,4.15°C
MTY,DFW,18.07°C,4.15°C
GDL,DFW,17°C,4.15°C
GDL,DFW,17°C,4.15°C
GDL,DFW,17°C,4.15°C
GDL,DFW,17°C,4.15°C
GDL,DFW,17°C,4.15°C
GDL,DFW,17°C,4.15°C
GDL,DFW,17°C,4.15°C
GDL,DFW,17°C,4.15°C
GDL,DFW,17°C,4.15°C
GDL,DFW,17°C,4.15°C
GDL,DFW,17°C,4.15°C
GDL,DFW,17°C,4.15°C
GDL,DFW,17°C,4.15°C
GDL,DFW,17°C,4.15°C
GDL,DFW,17°C,4.15°C
GDL,DFW,17°C,4.15°C
GDL,DFW,17°C,4.15°C
MEX,DFW,15.85°C,4.15°C
MEX,DFW,15.85°C,4.15°C
MEX,DFW,15.85°C,4.15°C
MEX,DFW,15.85°C,4.15°C
MEX,DFW,15.85°C,4.15°C
MEX,DFW,15.85°C,4.15°C
MEX,DFW,15.85°C,4.15°C
MEX,DFW,15.85°C,4.15°C
MEX,DFW,15.85°C,4.15°C
MEX,DFW,15.85°C,4.15°C
MEX,DFW,15.85°C,4.15°C
MEX,DFW,15.85°C,4.15°C
MEX,DFW,15.85°C,4.15°C
MEX,DFW,15.85°C,4.15°C
MEX,DFW,15.85°C,4.15°C
MEX,DFW,15.85°C,4.15°C
MEX,DFW,15.85°C,4.15°C
MEX,DFW,15.85°C,4.15°C
MEX,DFW,15.85°C,4.15°C
MEX,DFW,15.85°C,4.15°C
MEX,DFW,15.85°C,4.15°C
MEX,DFW,15.85°C,4.15°C
MEX,DFW,15.85°C,4.15°C
MEX,DFW,15.85°C,4.15°C
PBC,DFW,11.23°C,4.15°C
MTY,MIA,18.07°C,22.85°C
MTY,MIA,18.07°C,22.85°C
MTY,MIA,18.07°C,22.85°C
MEX,PHX,15.85°C,10.16°C
MID,MIA,24.43°C,22.85°C
MID,MIA,24.43°C,22.85°C
MTY,MIA,18.07°C,22.85°C
MTY,MIA,18.07°C,22.85°C
MTY,MIA,18.07°C,22.85°C
MTY,MIA,18.07°C,22.85°C
MTY,MIA,18.07°C,22.85°C
MTY,MIA,18.07°C,22.85°C
MEX,PHL,15.85°C,1.61°C
MEX,PHL,15.85°C,1.61°C
MEX,PHL,15.85°C,1.61°C
MEX,PHL,15.85°C,1.61°C
MEX,PHL,15.85°C,1.61°C
MEX,PHL,15.85°C,1.61°C
MEX,PHL,15.85°C,1.61°C
MEX,PHL,15.85°C,1.61°C
MEX,PHX,15.85°C,10.16°C
MEX,PHX,15.85°C,10.16°C
MEX,PHX,15.85°C,10.16°C
MEX,PHX,15.85°C,10.16°C
MEX,PHX,15.85°C,10.16°C
MEX,PHX,15.85°C,10.16°C
MEX,MIA,15.85°C,22.85°C
MEX,MIA,15.85°C,22.85°C
MEX,MIA,15.85°C,22.85°C
MEX,MIA,15.85°C,22.85°C
MEX,MIA,15.85°C,22.85°C
MEX,MIA,15.85°C,22.85°C
MEX,MIA,15.85°C,22.85°C
MEX,MIA,15.85°C,22.85°C
MEX,MIA,15.85°C,22.85°C
MEX,MIA,15.85°C,22.85°C
MEX,MIA,15.85°C,22.85°C
MEX,MIA,15.85°C,22.85°C
SLP,DFW,17°C,4.15°C
SLP,DFW,17°C,4.15°C
SLP,DFW,17°C,4.15°C
SLP,DFW,17°C,4.15°C
SLP,DFW,17°C,4.15°C
SLP,DFW,17°C,4.15°C
SLP,DFW,17°C,4.15°C
SLP,DFW,17°C,4.15°C
SLP,DFW,17°C,4.15°C
SLP,DFW,17°C,4.15°C
SLP,DFW,17°C,4.15°C
SLP,DFW,17°C,4.15°C
SLP,DFW,17°C,4.15°C
SLP,DFW,17°C,4.15°C
SLP,DFW,17°C,4.15°C
SLP,DFW,17°C,4.15°C
GDL,DFW,17°C,4.15°C
GDL,PHX,17°C,10.16°C
MEX,LAX,15.85°C,13.12°C
MEX,LAX,15.85°C,13.12°C
MEX,LAX,15.85°C,13.12°C
MEX,LAX,15.85°C,13.12°C
MEX,CLT,15.85°C,4.19°C
MEX,CLT,15.85°C,4.19°C
MEX,CLT,15.85°C,4.19°C
MEX,CLT,15.85°C,4.19°C
MEX,CLT,15.85°C,4.19°C
MEX,CLT,15.85°C,4.19°C
MEX,CLT,15.85°C,4.19°C
MEX,CLT,15.85°C,4.19°C
MEX,CLT,15.85°C,4.19°C
MEX,CLT,15.85°C,4.19°C
MEX,CLT,15.85°C,4.19°C
MEX,CLT,15.85°C,4.19°C
MEX,CLT,15.85°C,4.19°C
MEX,CLT,15.85°C,4.19°C
MEX,CLT,15.85°C,4.19°C
MEX,CLT,15.85°C,4.19°C
MEX,CLT,15.85°C,4.19°C
MEX,CLT,15.85°C,4.19°C
MEX,CLT,15.85°C,4.19°C
MEX,CLT,15.85°C,4.19°C
CUN,CLT,26°C,4.19°C
CUN,CLT,26°C,4.19°C
MEX,YYZ,15.85°C,-2.54°C
MEX,YYZ,15.85°C,-2.54°C
MEX,YYZ,15.85°C,-2.54°C
MEX,YYZ,15.85°C,-2.54°C
MEX,YYZ,15.85°C,-2.54°C
MEX,YYZ,15.85°C,-2.54°C
MEX,YYZ,15.85°C,-2.54°C
MEX,YYZ,15.85°C,-2.54°C
MEX,YYZ,15.85°C,-2.54°C
MEX,YYZ,15.85°C,-2.54°C
MEX,YYZ,15.85°C,-2.54°C
MEX,YYZ,15.85°C,-2.54°C
MEX,YYZ,15.85°C,-2.54°C
MEX,YYZ,15.85°C,-2.54°C
MEX,YYZ,15.85°C,-2.54°C
MEX,YYZ,15.85°C,-2.54°C
MEX,YYZ,15.85°C,-2.54°C
MEX,YYZ,15.85°C,-2.54°C
MEX,YYZ,15.85°C,-2.54°C
GDL,IAH,17°C,14.42°C
MEX,YVR,15.85°C,4.61°C
MEX,YVR,15.85°C,4.61°C
MEX,YVR,15.85°C,4.61°C
MEX,YVR,15.85°C,4.61°C
MEX,YVR,15.85°C,4.61°C
MEX,CDG,15.85°C,8.13°C
MEX,CDG,15.85°C,8.13°C
MEX,CDG,15.85°C,8.13°C
MEX,CDG,15.85°C,8.13°C
MEX,CDG,15.85°C,8.13°C
MEX,CDG,15.85°C,8.13°C
MEX,CDG,15.85°C,8.13°C
MEX,CDG,15.85°C,8.13°C
MEX,CDG,15.85°C,8.13°C
MEX,CDG,15.85°C,8.13°C
MEX,CDG,15.85°C,8.13°C
MEX,CDG,15.85°C,8.13°C
MEX,CDG,15.85°C,8.13°C
MEX,CDG,15.85°C,8.13°C
MEX,CDG,15.85°C,8.13°C
MEX,CDG,15.85°C,8.13°C
MEX,CDG,15.85°C,8.13°C
MEX,CDG,15.85°C,8.13°C
MEX,CDG,15.85°C,8.13°C
MEX,CDG,15.85°C,8.13°C
MEX,CDG,15.85°C,8.13°C
MEX,CDG,15.85°C,8.13°C
MEX,CDG,15.85°C,8.13°C
MEX,CDG,15.85°C,8.13°C
MEX,CDG,15.85°C,8.13°C
MEX,CDG,15.85°C,8.13°C
MEX,CDG,15.85°C,8.13°C
MEX,CDG,15.85°C,8.13°C
MEX,CDG,15.85°C,8.13°C
MEX,CDG,15.85°C,8.13°C
MEX,CDG,15.85°C,8.13°C
MEX,CDG,15.85°C,8.13°C
MEX,CDG,15.85°C,8.13°C
MEX,CDG,15.85°C,8.13°C
MEX,CDG,15.85°C,8.13°C
MEX,CDG,15.85°C,8.13°C
MEX,CDG,15.85°C,8.13°C
MEX,CDG,15.85°C,8.13°C
MEX,CDG,15.85°C,8.13°C
MEX,CDG,15.85°C,8.13°C
MEX,CDG,15.85°C,8.13°C
MEX,CDG,15.85°C,8.13°C
MEX,CDG,15.85°C,8.13°C
MEX,CDG,15.85°C,8.13°C
MEX,CDG,15.85°C,8.13°C
MEX,CDG,15.85°C,8.13°C
MEX,CDG,15.85°C,8.13°C
MEX,CDG,15.85°C,8.13°C
MEX,CDG,15.85°C,8.13°C
MEX,CDG,15.85°C,8.13°C
MEX,CDG,15.85°C,8.13°C
MEX,CDG,15.85°C,8.13°C
MEX,CDG,15.85°C,8.13°C
MEX,CDG,15.85°C,8.13°C
MEX,CDG,15.85°C,8.13°C
MEX,CDG,15.85°C,8.13°C
MEX,CDG,15.85°C,8.13°C
MEX,CDG,15.85°C,8.13°C
MEX,CDG,15.85°C,8.13°C
MEX,CDG,15.85°C,8.13°C
MEX,CDG,15.85°C,8.13°C
MEX,CDG,15.85°C,8.13°C
MEX,CDG,15.85°C,8.13°C
MEX,CDG,15.85°C,8.13°C
MEX,CDG,15.85°C,8.13°C
MEX,CDG,15.85°C,8.13°C
MEX,CDG,15.85°C,8.13°C
MEX,CDG,15.85°C,8.13°C
MEX,CDG,15.85°C,8.13°C
MEX,CDG,15.85°C,8.13°C
MEX,CDG,15.85°C,8.13°C
MEX,CDG,15.85°C,8.13°C
MEX,CDG,15.85°C,8.13°C
MEX,CDG,15.85°C,8.13°C
MEX,CDG,15.85°C,8.13°C
MEX,CDG,15.85°C,8.13°C
MEX,CDG,15.85°C,8.13°C
MEX,CDG,15.85°C,8.13°C
MEX,CDG,15.85°C,8.13°C
MEX,CDG,15.85°C,8.13°C
MEX,CDG,15.85°C,8.13°C
MEX,CDG,15.85°C,8.13°C
MEX,CDG,15.85°C,8.13°C
MEX,CDG,15.85°C,8.13°C
MEX,CDG,15.85°C,8.13°C
MEX,CDG,15.85°C,8.13°C
MEX,CDG,15.85°C,8.13°C
MEX,CDG,15.85°C,8.13°C
MEX,CDG,15.85°C,8.13°C
MEX,CDG,15.85°C,8.13°C
MEX,CDG,15.85°C,8.13°C
MEX,CDG,15.85°C,8.13°C
MEX,CDG,15.85°C,8.13°C
MEX,CDG,15.85°C,8.13°C
MEX,CDG,15.85°C,8.13°C
MEX,CDG,15.85°C,8.13°C
MEX,CDG,15.85°C,8.13°C
MEX,CDG,15.85°C,8.13°C
MEX,CDG,15.85°C,8.13°C
MEX,CDG,15.85°C,8.13°C
MEX,CDG,15.85°C,8.13°C
MEX,CDG,15.85°C,8.13°C
MEX,CDG,15.85°C,8.13°C
MEX,CDG,15.85°C,8.13°C
MEX,CDG,15.85°C,8.13°C
MEX,CDG,15.85°C,8.13°C
MEX,CDG,15.85°C,8.13°C
MEX,CDG,15.85°C,8.13°C
MEX,CDG,15.85°C,8.13°C
MEX,CDG,15.85°C,8.13°C
MEX,CDG,15.85°C,8.13°C
MEX,CDG,15.85°C,8.13°C
MEX,CDG,15.85°C,8.13°C
MEX,CDG,15.85°C,8.13°C
MEX,CDG,15.85°C,8.13°C
MEX,CDG,15.85°C,8.13°C
MEX,CDG,15.85°C,8.13°C
MEX,CDG,15.85°C,8.13°C
MEX,CDG,15.85°C,8.13°C
MEX,CDG,15.85°C,8.13°C
MEX,CDG,15.85°C,8.13°C
MEX,CDG,15.85°C,8.13°C
MEX,CDG,15.85°C,8.13°C
MEX,CDG,15.85°C,8.13°C
MEX,CDG,15.85°C,8.13°C
MEX,CDG,15.85°C,8.13°C
MEX,CDG,15.85°C,8.13°C
MEX,CDG,15.85°C,8.13°C
MEX,CDG,15.85°C,8.13°C
MEX,CDG,15.85°C,8.13°C
MEX,CDG,15.85°C,8.13°C
MEX,CDG,15.85°C,8.13°C
MEX,CDG,15.85°C,8.13°C
MEX,CDG,15.85°C,8.13°C
MEX,CDG,15.85°C,8.13°C
MEX,CDG,15.85°C,8.13°C
MEX,CDG,15.85°C,8.13°C
MEX,CDG,15.85°C,8.13°C
MEX,CDG,15.85°C,8.13°C
MEX,CDG,15.85°C,8.13°C
MEX,CDG,15.85°C,8.13°C
MEX,CDG,15.85°C,8.13°C
MEX,CDG,15.85°C,8.13°C
MEX,CDG,15.85°C,8.13°C
MEX,CDG,15.85°C,8.13°C
MEX,CDG,15.85°C,8.13°C
MEX,CDG,15.85°C,8.13°C
MEX,CDG,15.85°C,8.13°C
MEX,CDG,15.85°C,8.13°C
MEX,GDL,15.85°C,17°C
MEX,GDL,15.85°C,17°C
CJS,MEX,13.63°C,15.85°C
CJS,MEX,13.63°C,15.85°C
MEX,PVR,15.85°C,19.44°C
MEX,PVR,15.85°C,19.44°C
MEX,GDL,15.85°C,17°C
MEX,GDL,15.85°C,17°C
MEX,GDL,15.85°C,17°C
MEX,GDL,15.85°C,17°C
PVR,MEX,19.44°C,15.85°C
PVR,MEX,19.44°C,15.85°C
MEX,ZCL,15.85°C,11.83°C
MEX,CDG,15.85°C,8.13°C
MEX,CDG,15.85°C,8.13°C
MEX,CDG,15.85°C,8.13°C
MEX,CDG,15.85°C,8.13°C
MEX,CDG,15.85°C,8.13°C
MEX,CDG,15.85°C,8.13°C
MEX,CDG,15.85°C,8.13°C
MEX,CDG,15.85°C,8.13°C
MEX,CDG,15.85°C,8.13°C
MEX,CDG,15.85°C,8.13°C
MEX,CDG,15.85°C,8.13°C
GDL,MEX,17°C,15.85°C
GDL,MEX,17°C,15.85°C
GDL,MEX,17°C,15.85°C
MEX,CJS,15.85°C,13.63°C
MEX,CJS,15.85°C,13.63°C
MEX,AMS,15.85°C,6.22°C
MEX,AMS,15.85°C,6.22°C
MEX,AMS,15.85°C,6.22°C
MEX,AMS,15.85°C,6.22°C
MEX,AMS,15.85°C,6.22°C
MEX,AMS,15.85°C,6.22°C
MEX,AMS,15.85°C,6.22°C
MEX,ATL,15.85°C,8.85°C
MEX,ATL,15.85°C,8.85°C
MEX,CEN,15.85°C,10.72°C
MEX,CEN,15.85°C,10.72°C
MEX,CEN,15.85°C,10.72°C
MEX,CEN,15.85°C,10.72°C
ZCL,MEX,11.83°C,15.85°C
MEX,MAD,15.85°C,8.87°C
MEX,MAD,15.85°C,8.87°C
MEX,MAD,15.85°C,8.87°C
MEX,MAD,15.85°C,8.87°C
MEX,MAD,15.85°C,8.87°C
MEX,MAD,15.85°C,8.87°C
MEX,MAD,15.85°C,8.87°C
MEX,MAD,15.85°C,8.87°C
MEX,MAD,15.85°C,8.87°C
MEX,MAD,15.85°C,8.87°C
MEX,MAD,15.85°C,8.87°C
MEX,MAD,15.85°C,8.87°C
MEX,MAD,15.85°C,8.87°C
MEX,MAD,15.85°C,8.87°C
MEX,MAD,15.85°C,8.87°C
MEX,MAD,15.85°C,8.87°C
MEX,MAD,15.85°C,8.87°C
MEX,MAD,15.85°C,8.87°C
MEX,MAD,15.85°C,8.87°C
MEX,MAD,15.85°C,8.87°C
MEX,MAD,15.85°C,8.87°C
MEX,MAD,15.85°C,8.87°C
MEX,MAD,15.85°C,8.87°C
MEX,MAD,15.85°C,8.87°C
MEX,MAD,15.85°C,8.87°C
MEX,MAD,15.85°C,8.87°C
MEX,MAD,15.85°C,8.87°C
MEX,MAD,15.85°C,8.87°C
MEX,MAD,15.85°C,8.87°C
MEX,MAD,15.85°C,8.87°C
MEX,MAD,15.85°C,8.87°C
MEX,MAD,15.85°C,8.87°C
MEX,MAD,15.85°C,8.87°C
MEX,MAD,15.85°C,8.87°C
MEX,MAD,15.85°C,8.87°C
MEX,MAD,15.85°C,8.87°C
MEX,MAD,15.85°C,8.87°C
MEX,MAD,15.85°C,8.87°C
MEX,MAD,15.85°C,8.87°C
MEX,MAD,15.85°C,8.87°C
MEX,MAD,15.85°C,8.87°C
MEX,MAD,15.85°C,8.87°C
MEX,MAD,15.85°C,8.87°C
MEX,MAD,15.85°C,8.87°C
MEX,MAD,15.85°C,8.87°C
MEX,MAD,15.85°C,8.87°C
MEX,MAD,15.85°C,8.87°C
MEX,MAD,15.85°C,8.87°C
MEX,MAD,15.85°C,8.87°C
MEX,MAD,15.85°C,8.87°C
MEX,MAD,15.85°C,8.87°C
MEX,MAD,15.85°C,8.87°C
MEX,MAD,15.85°C,8.87°C
MEX,MAD,15.85°C,8.87°C
MEX,MAD,15.85°C,8.87°C
MEX,MAD,15.85°C,8.87°C
MEX,MAD,15.85°C,8.87°C
MEX,MAD,15.85°C,8.87°C
MEX,MAD,15.85°C,8.87°C
MEX,MAD,15.85°C,8.87°C
MEX,MAD,15.85°C,8.87°C
MEX,MAD,15.85°C,8.87°C
MEX,MAD,15.85°C,8.87°C
MEX,MAD,15.85°C,8.87°C
MEX,MAD,15.85°C,8.87°C
MEX,MAD,15.85°C,8.87°C
MEX,MAD,15.85°C,8.87°C
MEX,MAD,15.85°C,8.87°C
MEX,SCL,15.85°C,17.55°C
MEX,SCL,15.85°C,17.55°C
MEX,SCL,15.85°C,17.55°C
MEX,SCL,15.85°C,17.55°C
MEX,SCL,15.85°C,17.55°C
MEX,SCL,15.85°C,17.55°C
MEX,SCL,15.85°C,17.55°C
MEX,SCL,15.85°C,17.55°C
MEX,SCL,15.85°C,17.55°C
MEX,SCL,15.85°C,17.55°C
MEX,SCL,15.85°C,17.55°C
MEX,SCL,15.85°C,17.55°C
MEX,SCL,15.85°C,17.55°C
MEX,SCL,15.85°C,17.55°C
MEX,SCL,15.85°C,17.55°C
MEX,SCL,15.85°C,17.55°C
MEX,SCL,15.85°C,17.55°C
MEX,SCL,15.85°C,17.55°C
MEX,SCL,15.85°C,17.55°C
MEX,SCL,15.85°C,17.55°C
MEX,SCL,15.85°C,17.55°C
MEX,SCL,15.85°C,17.55°C
MEX,SCL,15.85°C,17.55°C
MEX,SCL,15.85°C,17.55°C
MEX,SCL,15.85°C,17.55°C
MEX,SCL,15.85°C,17.55°C
MEX,SCL,15.85°C,17.55°C
MEX,SCL,15.85°C,17.55°C
MEX,SCL,15.85°C,17.55°C
MEX,SCL,15.85°C,17.55°C
MEX,SCL,15.85°C,17.55°C
MEX,SCL,15.85°C,17.55°C
MEX,SCL,15.85°C,17.55°C
MEX,SCL,15.85°C,17.55°C
MEX,SCL,15.85°C,17.55°C
MEX,SCL,15.85°C,17.55°C
MEX,SCL,15.85°C,17.55°C
MEX,SCL,15.85°C,17.55°C
MEX,SCL,15.85°C,17.55°C
MEX,SCL,15.85°C,17.55°C
MEX,SCL,15.85°C,17.55°C
MEX,SCL,15.85°C,17.55°C
MEX,SCL,15.85°C,17.55°C
MEX,SCL,15.85°C,17.55°C
MEX,SCL,15.85°C,17.55°C
MEX,SCL,15.85°C,17.55°C
MEX,SCL,15.85°C,17.55°C
MEX,SCL,15.85°C,17.55°C
MEX,SCL,15.85°C,17.55°C
MEX,SCL,15.85°C,17.55°C
MEX,SCL,15.85°C,17.55°C
MEX,SCL,15.85°C,17.55°C
MEX,SCL,15.85°C,17.55°C
MEX,SCL,15.85°C,17.55°C
MEX,SCL,15.85°C,17.55°C
MEX,SCL,15.85°C,17.55°C
MEX,SCL,15.85°C,17.55°C
MEX,SCL,15.85°C,17.55°C
MEX,SCL,15.85°C,17.55°C
MEX,SCL,15.85°C,17.55°C
MEX,SCL,15.85°C,17.55°C
MEX,SCL,15.85°C,17.55°C
MEX,SCL,15.85°C,17.55°C
MEX,SCL,15.85°C,17.55°C
MEX,SCL,15.85°C,17.55°C
MEX,SCL,15.85°C,17.55°C
MEX,SCL,15.85°C,17.55°C
MEX,SCL,15.85°C,17.55°C
MEX,SCL,15.85°C,17.55°C
MEX,SCL,15.85°C,17.55°C
MEX,SCL,15.85°C,17.55°C
MEX,SCL,15.85°C,17.55°C
MEX,SCL,15.85°C,17.55°C
MEX,SCL,15.85°C,17.55°C
MEX,SCL,15.85°C,17.55°C
MEX,SCL,15.85°C,17.55°C
MEX,SCL,15.85°C,17.55°C
MEX,SCL,15.85°C,17.55°C
MEX,SCL,15.85°C,17.55°C
MEX,SCL,15.85°C,17.55°C
MEX,SCL,15.85°C,17.55°C
MEX,SCL,15.85°C,17.55°C
MEX,SCL,15.85°C,17.55°C
MEX,SCL,15.85°C,17.55°C
MEX,SCL,15.85°C,17.55°C
MEX,SCL,15.85°C,17.55°C
MEX,SCL,15.85°C,17.55°C
MEX,SCL,15.85°C,17.55°C
MEX,SCL,15.85°C,17.55°C
MEX,SCL,15.85°C,17.55°C
MEX,SCL,15.85°C,17.55°C
MEX,SCL,15.85°C,17.55°C
MEX,SCL,15.85°C,17.55°C
MEX,SCL,15.85°C,17.55°C
MEX,SCL,15.85°C,17.55°C
MEX,SCL,15.85°C,17.55°C
MEX,SCL,15.85°C,17.55°C
MEX,SCL,15.85°C,17.55°C
MEX,SCL,15.85°C,17.55°C
MEX,SCL,15.85°C,17.55°C
MEX,SCL,15.85°C,17.55°C
MEX,SCL,15.85°C,17.55°C
MEX,SCL,15.85°C,17.55°C
MEX,SCL,15.85°C,17.55°C
MEX,SCL,15.85°C,17.55°C
MEX,SCL,15.85°C,17.55°C
MEX,SCL,15.85°C,17.55°C
MEX,SCL,15.85°C,17.55°C
MEX,SCL,15.85°C,17.55°C
MEX,SCL,15.85°C,17.55°C
MEX,SCL,15.85°C,17.55°C
MEX,SCL,15.85°C,17.55°C
MEX,SCL,15.85°C,17.55°C
MEX,SCL,15.85°C,17.55°C
MEX,SCL,15.85°C,17.55°C
MEX,SCL,15.85°C,17.55°C
MEX,SCL,15.85°C,17.55°C
MEX,SCL,15.85°C,17.55°C
MEX,SCL,15.85°C,17.55°C
MEX,SCL,15.85°C,17.55°C
MEX,SCL,15.85°C,17.55°C
MEX,SCL,15.85°C,17.55°C
MEX,SCL,15.85°C,17.55°C
MEX,SCL,15.85°C,17.55°C
MEX,SCL,15.85°C,17.55°C
MEX,SCL,15.85°C,17.55°C
MEX,SCL,15.85°C,17.55°C
MEX,SCL,15.85°C,17.55°C
MEX,SCL,15.85°C,17.55°C
MEX,SCL,15.85°C,17.55°C
MEX,SCL,15.85°C,17.55°C
MEX,SCL,15.85°C,17.55°C
MEX,SCL,15.85°C,17.55°C
MEX,SCL,15.85°C,17.55°C
MEX,SCL,15.85°C,17.55°C
MEX,SCL,15.85°C,17.55°C
MEX,SCL,15.85°C,17.55°C
MEX,SCL,15.85°C,17.55°C
MEX,SCL,15.85°C,17.55°C
MEX,SCL,15.85°C,17.55°C
MEX,SCL,15.85°C,17.55°C
MEX,SCL,15.85°C,17.55°C
MEX,SCL,15.85°C,17.55°C
MEX,SCL,15.85°C,17.55°C
MEX,SCL,15.85°C,17.55°C
MEX,SCL,15.85°C,17.55°C
MEX,SCL,15.85°C,17.55°C
MEX,SCL,15.85°C,17.55°C
MEX,SCL,15.85°C,17.55°C
MEX,SCL,15.85°C,17.55°C
MEX,SCL,15.85°C,17.55°C
MEX,SCL,15.85°C,17.55°C
MEX,SCL,15.85°C,17.55°C
MEX,SCL,15.85°C,17.55°C
MEX,SCL,15.85°C,17.55°C
MEX,SCL,15.85°C,17.55°C
MEX,SCL,15.85°C,17.55°C
MEX,SCL,15.85°C,17.55°C
MEX,SCL,15.85°C,17.55°C
MEX,SCL,15.85°C,17.55°C
MEX,SCL,15.85°C,17.55°C
MEX,SCL,15.85°C,17.55°C
MEX,SCL,15.85°C,17.55°C
MEX,SCL,15.85°C,17.55°C
MEX,SCL,15.85°C,17.55°C
MEX,SCL,15.85°C,17.55°C
MEX,SCL,15.85°C,17.55°C
MEX,SCL,15.85°C,17.55°C
MEX,SCL,15.85°C,17.55°C
MEX,SCL,15.85°C,17.55°C
MEX,SCL,15.85°C,17.55°C
MEX,SCL,15.85°C,17.55°C
MEX,SCL,15.85°C,17.55°C
MEX,SCL,15.85°C,17.55°C
MEX,SCL,15.85°C,17.55°C
MEX,SCL,15.85°C,17.55°C
MEX,SCL,15.85°C,17.55°C
MEX,SCL,15.85°C,17.55°C
MEX,SCL,15.85°C,17.55°C
MEX,SCL,15.85°C,17.55°C
MEX,SCL,15.85°C,17.55°C
MEX,SCL,15.85°C,17.55°C
MEX,SCL,15.85°C,17.55°C
MEX,SCL,15.85°C,17.55°C
MEX,SCL,15.85°C,17.55°C
MEX,SCL,15.85°C,17.55°C
MEX,SCL,15.85°C,17.55°C
MEX,SCL,15.85°C,17.55°C
MEX,SCL,15.85°C,17.55°C
MEX,SCL,15.85°C,17.55°C
MEX,SCL,15.85°C,17.55°C
MEX,SCL,15.85°C,17.55°C
MEX,SCL,15.85°C,17.55°C
MEX,SCL,15.85°C,17.55°C
MEX,SCL,15.85°C,17.55°C
MEX,SCL,15.85°C,17.55°C
MEX,SCL,15.85°C,17.55°C
MEX,SCL,15.85°C,17.55°C
MEX,SCL,15.85°C,17.55°C
MEX,SCL,15.85°C,17.55°C
MEX,SCL,15.85°C,17.55°C
MEX,SCL,15.85°C,17.55°C
MEX,SCL,15.85°C,17.55°C
MEX,SCL,15.85°C,17.55°C
MEX,SCL,15.85°C,17.55°C
MEX,SCL,15.85°C,17.55°C
MEX,SCL,15.85°C,17.55°C
MEX,SCL,15.85°C,17.55°C
MEX,SCL,15.85°C,17.55°C
MEX,SCL,15.85°C,17.55°C
MEX,SCL,15.85°C,17.55°C
MEX,SCL,15.85°C,17.55°C
MEX,SCL,15.85°C,17.55°C
MEX,SCL,15.85°C,17.55°C
MEX,SCL,15.85°C,17.55°C
MEX,SCL,15.85°C,17.55°C
MEX,SCL,15.85°C,17.55°C
MEX,SCL,15.85°C,17.55°C
MEX,SCL,15.85°C,17.55°C
MEX,SCL,15.85°C,17.55°C
MEX,SCL,15.85°C,17.55°C
MEX,SCL,15.85°C,17.55°C
MEX,SCL,15.85°C,17.55°C
MEX,SCL,15.85°C,17.55°C
MEX,SCL,15.85°C,17.55°C
MEX,SCL,15.85°C,17.55°C
MEX,SCL,15.85°C,17.55°C
MEX,SCL,15.85°C,17.55°C
MEX,SCL,15.85°C,17.55°C
MEX,SCL,15.85°C,17.55°C
MEX,SCL,15.85°C,17.55°C
MEX,SCL,15.85°C,17.55°C
MEX,SCL,15.85°C,17.55°C
MEX,SCL,15.85°C,17.55°C
MEX,SCL,15.85°C,17.55°C
MEX,SCL,15.85°C,17.55°C
MEX,SCL,15.85°C,17.55°C
MEX,SCL,15.85°C,17.55°C
MEX,SCL,15.85°C,17.55°C
MEX,SCL,15.85°C,17.55°C
MEX,SCL,15.85°C,17.55°C
MEX,SCL,15.85°C,17.55°C
MEX,SCL,15.85°C,17.55°C
MEX,SCL,15.85°C,17.55°C
MEX,SCL,15.85°C,17.55°C
MEX,SCL,15.85°C,17.55°C
MEX,SCL,15.85°C,17.55°C
MEX,SCL,15.85°C,17.55°C
MEX,SCL,15.85°C,17.55°C
MEX,SCL,15.85°C,17.55°C
MEX,SCL,15.85°C,17.55°C
MEX,SCL,15.85°C,17.55°C
MEX,SCL,15.85°C,17.55°C
MEX,SCL,15.85°C,17.55°C
MEX,SCL,15.85°C,17.55°C
MEX,SCL,15.85°C,17.55°C
MEX,SCL,15.85°C,17.55°C
MEX,SCL,15.85°C,17.55°C
MEX,SCL,15.85°C,17.55°C
MEX,SCL,15.85°C,17.55°C
MEX,SCL,15.85°C,17.55°C
MEX,SCL,15.85°C,17.55°C
MEX,SCL,15.85°C,17.55°C
MEX,SCL,15.85°C,17.55°C
MEX,SCL,15.85°C,17.55°C
MEX,SCL,15.85°C,17.55°C
MEX,SCL,15.85°C,17.55°C
MEX,SCL,15.85°C,17.55°C
MEX,SCL,15.85°C,17.55°C
MEX,SCL,15.85°C,17.55°C
MEX,SCL,15.85°C,17.55°C
MEX,SCL,15.85°C,17.55°C
MEX,SCL,15.85°C,17.55°C
MEX,SCL,15.85°C,17.55°C
MEX,SCL,15.85°C,17.55°C
MEX,SCL,15.85°C,17.55°C
MEX,SCL,15.85°C,17.55°C
MEX,SCL,15.85°C,17.55°C
MEX,SCL,15.85°C,17.55°C
MEX,SCL,15.85°C,17.55°C
MEX,SCL,15.85°C,17.55°C
MEX,SCL,15.85°C,17.55°C
MEX,SCL,15.85°C,17.55°C
MEX,SCL,15.85°C,17.55°C
MEX,SCL,15.85°C,17.55°C
MEX,SCL,15.85°C,17.55°C
MEX,SCL,15.85°C,17.55°C
MEX,SCL,15.85°C,17.55°C
MEX,SCL,15.85°C,17.55°C
MEX,SCL,15.85°C,17.55°C
MEX,SCL,15.85°C,17.55°C
MEX,SCL,15.85°C,17.55°C
MEX,SCL,15.85°C,17.55°C
MEX,SCL,15.85°C,17.55°C
MEX,SCL,15.85°C,17.55°C
MEX,SCL,15.85°C,17.55°C
MEX,SCL,15.85°C,17.55°C
MEX,SCL,15.85°C,17.55°C
MEX,SCL,15.85°C,17.55°C
MEX,SCL,15.85°C,17.55°C
MEX,SCL,15.85°C,17.55°C
MEX,SCL,15.85°C,17.55°C
MEX,SCL,15.85°C,17.55°C
MEX,SCL,15.85°C,17.55°C
MEX,SCL,15.85°C,17.55°C
MEX,SCL,15.85°C,17.55°C
MEX,SCL,15.85°C,17.55°C
MEX,SCL,15.85°C,17.55°C
MEX,SCL,15.85°C,17.55°C
MEX,SCL,15.85°C,17.55°C
MEX,SCL,15.85°C,17.55°C
MEX,SCL,15.85°C,17.55°C
MEX,SCL,15.85°C,17.55°C
MEX,SCL,15.85°C,17.55°C
MEX,SCL,15.85°C,17.55°C
MEX,SCL,15.85°C,17.55°C
MEX,SCL,15.85°C,17.55°C
MEX,SCL,15.85°C,17.55°C
MEX,SCL,15.85°C,17.55°C
MEX,SCL,15.85°C,17.55°C
MEX,SCL,15.85°C,17.55°C
MEX,SCL,15.85°C,17.55°C
MEX,SCL,15.85°C,17.55°C
MEX,SCL,15.85°C,17.55°C
MEX,SCL,15.85°C,17.55°C
MEX,SCL,15.85°C,17.55°C
MEX,SCL,15.85°C,17.55°C
MEX,SCL,15.85°C,17.55°C
MEX,SCL,15.85°C,17.55°C
MEX,SCL,15.85°C,17.55°C
MEX,SCL,15.85°C,17.55°C
MEX,SCL,15.85°C,17.55°C
MEX,SCL,15.85°C,17.55°C
MEX,SCL,15.85°C,17.55°C
MEX,SCL,15.85°C,17.55°C
MEX,SCL,15.85°C,17.55°C
MEX,SCL,15.85°C,17.55°C
MEX,SCL,15.85°C,17.55°C
MEX,SCL,15.85°C,17.55°C
MEX,SCL,15.85°C,17.55°C
MEX,SCL,15.85°C,17.55°C
MEX,SCL,15.85°C,17.55°C
MEX,SCL,15.85°C,17.55°C
MEX,SCL,15.85°C,17.55°C
MEX,SCL,15.85°C,17.55°C
MEX,SCL,15.85°C,17.55°C
MEX,SCL,15.85°C,17.55°C
MEX,SCL,15.85°C,17.55°C
MEX,SCL,15.85°C,17.55°C
MEX,SCL,15.85°C,17.55°C
MEX,SCL,15.85°C,17.55°C
MEX,SCL,15.85°C,17.55°C
MEX,SCL,15.85°C,17.55°C
MEX,SCL,15.85°C,17.55°C
MEX,SCL,15.85°C,17.55°C
MEX,SCL,15.85°C,17.55°C
MEX,SCL,15.85°C,17.55°C
MEX,SCL,15.85°C,17.55°C
MEX,SCL,15.85°C,17.55°C
MEX,SCL,15.85°C,17.55°C
MEX,SCL,15.85°C,17.55°C
MEX,SCL,15.85°C,17.55°C
MEX,SCL,15.85°C,17.55°C
MEX,SCL,15.85°C,17.55°C
MEX,SCL,15.85°C,17.55°C
MEX,SCL,15.85°C,17.55°C
MEX,SCL,15.85°C,17.55°C
MEX,SCL,15.85°C,17.55°C
MEX,SCL,15.85°C,17.55°C
MEX,SCL,15.85°C,17.55°C
MEX,SCL,15.85°C,17.55°C
MEX,SCL,15.85°C,17.55°C
MEX,SCL,15.85°C,17.55°C
MEX,SCL,15.85°C,17.55°C
MEX,SCL,15.85°C,17.55°C
MEX,SCL,15.85°C,17.55°C
MEX,SCL,15.85°C,17.55°C
MEX,SCL,15.85°C,17.55°C
MEX,SCL,15.85°C,17.55°C
MEX,SCL,15.85°C,17.55°C
MEX,SCL,15.85°C,17.55°C
MEX,SCL,15.85°C,17.55°C
MEX,SCL,15.85°C,17.55°C
MEX,SCL,15.85°C,17.55°C
MEX,SCL,15.85°C,17.55°C
MEX,SCL,15.85°C,17.55°C
MEX,SCL,15.85°C,17.55°C
MEX,SCL,15.85°C,17.55°C
MEX,SCL,15.85°C,17.55°C
MEX,SCL,15.85°C,17.55°C
MEX,SCL,15.85°C,17.55°C
MEX,SCL,15.85°C,17.55°C
MEX,SCL,15.85°C,17.55°C
MEX,SCL,15.85°C,17.55°C
MEX,SCL,15.85°C,17.55°C
MEX,SCL,15.85°C,17.55°C
MEX,SCL,15.85°C,17.55°C
MEX,SCL,15.85°C,17.55°C
MEX,SCL,15.85°C,17.55°C
MEX,SCL,15.85°C,17.55°C
MEX,SCL,15.85°C,17.55°C
MEX,SCL,15.85°C,17.55°C
MEX,SCL,15.85°C,17.55°C
MEX,SCL,15.85°C,17.55°C
MEX,SCL,15.85°C,17.55°C
MEX,SCL,15.85°C,17.55°C
MEX,SCL,15.85°C,17.55°C
MEX,SCL,15.85°C,17.55°C
MEX,SCL,15.85°C,17.55°C
MEX,SCL,15.85°C,17.55°C
MEX,SCL,15.85°C,17.55°C
MEX,SCL,15.85°C,17.55°C
MEX,SCL,15.85°C,17.55°C
MEX,SCL,15.85°C,17.55°C
MEX,SCL,15.85°C,17.55°C
MEX,SCL,15.85°C,17.55°C
MEX,SCL,15.85°C,17.55°C
MEX,SCL,15.85°C,17.55°C
MEX,SCL,15.85°C,17.55°C
MEX,SCL,15.85°C,17.55°C
MEX,SCL,15.85°C,17.55°C
MEX,SCL,15.85°C,17.55°C
MEX,SCL,15.85°C,17.55°C
MEX,SCL,15.85°C,17.55°C
MEX,SCL,15.85°C,17.55°C
MEX,SCL,15.85°C,17.55°C
MEX,SCL,15.85°C,17.55°C
MEX,SCL,15.85°C,17.55°C
MEX,SCL,15.85°C,17.55°C
MEX,SCL,15.85°C,17.55°C
MEX,SCL,15.85°C,17.55°C
MEX,SCL,15.85°C,17.55°C
MEX,SCL,15.85°C,17.55°C
MEX,SCL,15.85°C,17.55°C
MEX,SCL,15.85°C,17.55°C
MEX,SCL,15.85°C,17.55°C
MEX,SCL,15.85°C,17.55°C
MEX,SCL,15.85°C,17.55°C
MEX,SCL,15.85°C,17.55°C
MEX,SCL,15.85°C,17.55°C
MEX,SCL,15.85°C,17.55°C
MEX,SCL,15.85°C,17.55°C
MEX,SCL,15.85°C,17.55°C
MEX,SCL,15.85°C,17.55°C
MEX,SCL,15.85°C,17.55°C
MEX,SCL,15.85°C,17.55°C
MEX,SCL,15.85°C,17.55°C
MEX,SCL,15.85°C,17.55°C
MEX,SCL,15.85°C,17.55°C
MEX,SCL,15.85°C,17.55°C
MEX,SCL,15.85°C,17.55°C
MEX,SCL,15.85°C,17.55°C
MEX,SCL,15.85°C,17.55°C
MEX,SCL,15.85°C,17.55°C
MEX,SCL,15.85°C,17.55°C
MEX,SCL,15.85°C,17.55°C
MEX,SCL,15.85°C,17.55°C
MEX,SCL,15.85°C,17.55°C
MEX,SCL,15.85°C,17.55°C
MEX,SCL,15.85°C,17.55°C
MEX,SCL,15.85°C,17.55°C
MEX,SCL,15.85°C,17.55°C
MEX,SCL,15.85°C,17.55°C
MEX,SCL,15.85°C,17.55°C
MEX,SCL,15.85°C,17.55°C
MEX,SCL,15.85°C,17.55°C
MEX,SCL,15.85°C,17.55°C
MEX,SCL,15.85°C,17.55°C
MEX,SCL,15.85°C,17.55°C
MEX,SCL,15.85°C,17.55°C
MEX,SCL,15.85°C,17.55°C
MEX,SCL,15.85°C,17.55°C
MEX,SCL,15.85°C,17.55°C
MEX,SCL,15.85°C,17.55°C
MEX,SCL,15.85°C,17.55°C
MEX,SCL,15.85°C,17.55°C
MEX,SCL,15.85°C,17.55°C
MEX,SCL,15.85°C,17.55°C
MEX,SCL,15.85°C,17.55°C
MEX,SCL,15.85°C,17.55°C
MEX,SCL,15.85°C,17.55°C
MEX,SCL,15.85°C,17.55°C
MEX,SCL,15.85°C,17.55°C
MEX,SCL,15.85°C,17.55°C
MEX,SCL,15.85°C,17.55°C
MEX,SCL,15.85°C,17.55°C
MEX,SCL,15.85°C,17.55°C
MEX,SCL,15.85°C,17.55°C
MEX,SCL,15.85°C,17.55°C
MEX,SCL,15.85°C,17.55°C
MEX,SCL,15.85°C,17.55°C
MEX,SCL,15.85°C,17.55°C
MEX,SCL,15.85°C,17.55°C
MEX,SCL,15.85°C,17.55°C
MEX,SCL,15.85°C,17.55°C
MEX,SCL,15.85°C,17.55°C
MEX,SCL,15.85°C,17.55°C
MEX,SCL,15.85°C,17.55°C
MEX,SCL,15.85°C,17.55°C
MEX,SCL,15.85°C,17.55°C
MEX,SCL,15.85°C,17.55°C
MEX,SCL,15.85°C,17.55°C
MEX,SCL,15.85°C,17.55°C
MEX,SCL,15.85°C,17.55°C
MEX,SCL,15.85°C,17.55°C
MEX,SCL,15.85°C,17.55°C
MEX,SCL,15.85°C,17.55°C
MEX,SCL,15.85°C,17.55°C
MEX,SCL,15.85°C,17.55°C
MEX,SCL,15.85°C,17.55°C
MEX,SCL,15.85°C,17.55°C
MEX,SCL,15.85°C,17.55°C
MEX,SCL,15.85°C,17.55°C
MEX,SCL,15.85°C,17.55°C
MEX,SCL,15.85°C,17.55°C
MEX,SCL,15.85°C,17.55°C
MEX,SCL,15.85°C,17.55°C
MEX,SCL,15.85°C,17.55°C
MEX,SCL,15.85°C,17.55°C
MEX,SCL,15.85°C,17.55°C
MEX,SCL,15.85°C,17.55°C
MEX,SCL,15.85°C,17.55°C
MEX,SCL,15.85°C,17.55°C
MEX,SCL,15.85°C,17.55°C
MEX,SCL,15.85°C,17.55°C
MEX,SCL,15.85°C,17.55°C
MEX,SCL,15.85°C,17.55°C
MEX,SCL,15.85°C,17.55°C
MEX,SCL,15.85°C,17.55°C
MEX,SCL,15.85°C,17.55°C
MEX,SCL,15.85°C,17.55°C
MEX,SCL,15.85°C,17.55°C
MEX,SCL,15.85°C,17.55°C
MEX,SCL,15.85°C,17.55°C
MEX,SCL,15.85°C,17.55°C
MEX,SCL,15.85°C,17.55°C
MEX,SCL,15.85°C,17.55°C
MEX,SCL,15.85°C,17.55°C
MEX,SCL,15.85°C,17.55°C
MEX,SCL,15.85°C,17.55°C
MEX,SCL,15.85°C,17.55°C
MEX,SCL,15.85°C,17.55°C
MEX,SCL,15.85°C,17.55°C
MEX,SCL,15.85°C,17.55°C
MEX,SCL,15.85°C,17.55°C
MEX,SCL,15.85°C,17.55°C
MEX,SCL,15.85°C,17.55°C
MEX,SCL,15.85°C,17.55°C
MEX,SCL,15.85°C,17.55°C
MEX,SCL,15.85°C,17.55°C
MEX,SCL,15.85°C,17.55°C
MEX,SCL,15.85°C,17.55°C
MEX,SCL,15.85°C,17.55°C
MEX,SCL,15.85°C,17.55°C
MEX,SCL,15.85°C,17.55°C
MEX,SCL,15.85°C,17.55°C
MEX,SCL,15.85°C,17.55°C
MEX,SCL,15.85°C,17.55°C
MEX,SCL,15.85°C,17.55°C
MEX,SCL,15.85°C,17.55°C
MEX,SCL,15.85°C,17.55°C
MEX,SCL,15.85°C,17.55°C
MEX,SCL,15.85°C,17.55°C
MEX,SCL,15.85°C,17.55°C
MEX,SCL,15.85°C,17.55°C
MEX,SCL,15.85°C,17.55°C
MEX,SCL,15.85°C,17.55°C
MEX,SCL,15.85°C,17.55°C
MEX,SCL,15.85°C,17.55°C
MEX,SCL,15.85°C,17.55°C
MEX,SCL,15.85°C,17.55°C
MEX,SCL,15.85°C,17.55°C
MEX,SCL,15.85°C,17.55°C
MEX,SCL,15.85°C,17.55°C
MEX,SCL,15.85°C,17.55°C
MEX,SCL,15.85°C,17.55°C
MEX,SCL,15.85°C,17.55°C
MEX,SCL,15.85°C,17.55°C
MEX,SCL,15.85°C,17.55°C
MEX,SCL,15.85°C,17.55°C
MEX,SCL,15.85°C,17.55°C
MEX,SCL,15.85°C,17.55°C
MEX,SCL,15.85°C,17.55°C
MEX,SCL,15.85°C,17.55°C
MEX,SCL,15.85°C,17.55°C
MEX,SCL,15.85°C,17.55°C
MEX,SCL,15.85°C,17.55°C
MEX,SCL,15.85°C,17.55°C
MEX,SCL,15.85°C,17.55°C
MEX,SCL,15.85°C,17.55°C
MEX,SCL,15.85°C,17.55°C
MEX,SCL,15.85°C,17.55°C
MEX,SCL,15.85°C,17.55°C
MEX,SCL,15.85°C,17.55°C
MEX,SCL,15.85°C,17.55°C
MEX,SCL,15.85°C,17.55°C
MEX,SCL,15.85°C,17.55°C
MEX,SCL,15.85°C,17.55°C
MEX,SCL,15.85°C,17.55°C
MEX,SCL,15.85°C,17.55°C
MEX,SCL,15.85°C,17.55°C
MEX,SCL,15.85°C,17.55°C
MEX,SCL,15.85°C,17.55°C
MEX,SCL,15.85°C,17.55°C
MEX,SCL,15.85°C,17.55°C
MEX,SCL,15.85°C,17.55°C
MEX,SCL,15.85°C,17.55°C
MEX,SCL,15.85°C,17.55°C
MEX,SCL,15.85°C,17.55°C
MEX,SCL,15.85°C,17.55°C
MEX,SCL,15.85°C,17.55°C
MEX,SCL,15.85°C,17.55°C
MEX,SCL,15.85°C,17.55°C
MEX,SCL,15.85°C,17.55°C
MEX,SCL,15.85°C,17.55°C
MEX,SCL,15.85°C,17.55°C
MEX,SCL,15.85°C,17.55°C
MEX,SCL,15.85°C,17.55°C
MEX,SCL,15.85°C,17.55°C
MEX,SCL,15.85°C,17.55°C
MEX,SCL,15.85°C,17.55°C
MEX,SCL,15.85°C,17.55°C
MEX,SCL,15.85°C,17.55°C
MEX,SCL,15.85°C,17.55°C
MEX,SCL,15.85°C,17.55°C
MEX,SCL,15.85°C,17.55°C
MEX,SCL,15.85°C,17.55°C
MEX,SCL,15.85°C,17.55°C
MEX,SCL,15.85°C,17.55°C
MEX,SCL,15.85°C,17.55°C
MEX,SCL,15.85°C,17.55°C
MEX,SCL,15.85°C,17.55°C
MEX,SCL,15.85°C,17.55°C
MEX,SCL,15.85°C,17.55°C
MEX,SCL,15.85°C,17.55°C
MEX,SCL,15.85°C,17.55°C
MEX,SCL,15.85°C,17.55°C
MEX,SCL,15.85°C,17.55°C
MEX,SCL,15.85°C,17.55°C
MEX,SCL,15.85°C,17.55°C
MEX,SCL,15.85°C,17.55°C
MEX,SCL,15.85°C,17.55°C
MEX,SCL,15.85°C,17.55°C
MEX,SCL,15.85°C,17.55°C
MEX,SCL,15.85°C,17.55°C
MEX,SCL,15.85°C,17.55°C
MEX,SCL,15.85°C,17.55°C
MEX,SCL,15.85°C,17.55°C
MEX,SCL,15.85°C,17.55°C
MEX,SCL,15.85°C,17.55°C
MEX,SCL,15.85°C,17.55°C
MEX,SCL,15.85°C,17.55°C
MEX,SCL,15.85°C,17.55°C
MEX,SCL,15.85°C,17.55°C
MEX,SCL,15.85°C,17.55°C
MEX,SCL,15.85°C,17.55°C
MEX,SCL,15.85°C,17.55°C
MEX,SCL,15.85°C,17.55°C
MEX,SCL,15.85°C,17.55°C
MEX,SCL,15.85°C,17.55°C
MEX,SCL,15.85°C,17.55°C
MEX,SCL,15.85°C,17.55°C
MEX,SCL,15.85°C,17.55°C
MEX,SCL,15.85°C,17.55°C
MEX,SCL,15.85°C,17.55°C
MEX,SCL,15.85°C,17.55°C
MEX,SCL,15.85°C,17.55°C
MEX,SCL,15.85°C,17.55°C
MEX,SCL,15.85°C,17.55°C
MEX,SCL,15.85°C,17.55°C
MEX,SCL,15.85°C,17.55°C
MEX,SCL,15.85°C,17.55°C
MEX,SCL,15.85°C,17.55°C
MEX,SCL,15.85°C,17.55°C
MEX,SCL,15.85°C,17.55°C
MEX,SCL,15.85°C,17.55°C
MEX,SCL,15.85°C,17.55°C
MEX,SCL,15.85°C,17.55°C
MEX,SCL,15.85°C,17.55°C
MEX,SCL,15.85°C,17.55°C
MEX,SCL,15.85°C,17.55°C
MEX,SCL,15.85°C,17.55°C
MEX,SCL,15.85°C,17.55°C
MEX,GDL,15.85°C,17°C
MEX,GDL,15.85°C,17°C
MEX,GDL,15.85°C,17°C
MEX,GDL,15.85°C,17°C
MEX,GDL,15.85°C,17°C
MEX,GDL,15.85°C,17°C
MEX,GDL,15.85°C,17°C
MEX,GDL,15.85°C,17°C
MEX,GDL,15.85°C,17°C
MEX,GDL,15.85°C,17°C
MEX,GDL,15.85°C,17°C
MEX,GDL,15.85°C,17°C
MEX,GDL,15.85°C,17°C
MEX,GDL,15.85°C,17°C
MEX,GDL,15.85°C,17°C
MEX,GDL,15.85°C,17°C
MEX,GDL,15.85°C,17°C
MEX,GDL,15.85°C,17°C
MEX,GDL,15.85°C,17°C
MEX,GDL,15.85°C,17°C
MEX,GDL,15.85°C,17°C
MEX,GDL,15.85°C,17°C
MEX,GDL,15.85°C,17°C
MEX,GDL,15.85°C,17°C
MEX,GDL,15.85°C,17°C
MEX,GDL,15.85°C,17°C
MEX,GDL,15.85°C,17°C
MEX,GDL,15.85°C,17°C
MEX,GDL,15.85°C,17°C
MEX,GDL,15.85°C,17°C
MEX,GDL,15.85°C,17°C
MEX,GDL,15.85°C,17°C
MEX,GDL,15.85°C,17°C
MEX,GDL,15.85°C,17°C
MEX,GDL,15.85°C,17°C
MEX,GDL,15.85°C,17°C
MEX,GDL,15.85°C,17°C
MEX,GDL,15.85°C,17°C
MEX,GDL,15.85°C,17°C
MEX,GDL,15.85°C,17°C
MEX,GDL,15.85°C,17°C
MEX,GDL,15.85°C,17°C
MEX,GDL,15.85°C,17°C
MEX,GDL,15.85°C,17°C
MEX,GDL,15.85°C,17°C
MEX,GDL,15.85°C,17°C
MEX,GDL,15.85°C,17°C
MEX,GDL,15.85°C,17°C
MEX,GDL,15.85°C,17°C
MEX,GDL,15.85°C,17°C
MEX,GDL,15.85°C,17°C
MEX,GDL,15.85°C,17°C
MEX,GDL,15.85°C,17°C
MEX,GDL,15.85°C,17°C
MEX,GDL,15.85°C,17°C
MEX,GDL,15.85°C,17°C
MEX,GDL,15.85°C,17°C
MEX,GDL,15.85°C,17°C
MEX,GDL,15.85°C,17°C
MEX,GDL,15.85°C,17°C
MEX,GDL,15.85°C,17°C
MEX,GDL,15.85°C,17°C
MEX,GDL,15.85°C,17°C
MEX,GDL,15.85°C,17°C
MEX,GDL,15.85°C,17°C
MEX,GDL,15.85°C,17°C
MEX,GDL,15.85°C,17°C
MEX,GDL,15.85°C,17°C
MEX,GDL,15.85°C,17°C
MEX,GDL,15.85°C,17°C
MEX,GDL,15.85°C,17°C
MEX,GDL,15.85°C,17°C
MEX,GDL,15.85°C,17°C
MEX,GDL,15.85°C,17°C
MEX,GDL,15.85°C,17°C
MEX,GDL,15.85°C,17°C
MEX,GDL,15.85°C,17°C
MEX,GDL,15.85°C,17°C
MEX,GDL,15.85°C,17°C
MEX,GDL,15.85°C,17°C
MEX,GDL,15.85°C,17°C
MEX,GDL,15.85°C,17°C
MEX,GDL,15.85°C,17°C
MEX,GDL,15.85°C,17°C
MEX,GDL,15.85°C,17°C
MEX,GDL,15.85°C,17°C
MEX,GDL,15.85°C,17°C
MEX,GDL,15.85°C,17°C
MEX,GDL,15.85°C,17°C
MEX,GDL,15.85°C,17°C
MEX,GDL,15.85°C,17°C
MEX,GDL,15.85°C,17°C
MEX,GDL,15.85°C,17°C
MEX,GDL,15.85°C,17°C
MEX,GDL,15.85°C,17°C
MEX,GDL,15.85°C,17°C
MEX,GDL,15.85°C,17°C
MEX,GDL,15.85°C,17°C
MEX,GDL,15.85°C,17°C
MEX,GDL,15.85°C,17°C
MEX,GDL,15.85°C,17°C
MEX,GDL,15.85°C,17°C
MEX,GDL,15.85°C,17°C
MEX,GDL,15.85°C,17°C
MEX,GDL,15.85°C,17°C
MEX,GDL,15.85°C,17°C
MEX,GDL,15.85°C,17°C
MEX,GDL,15.85°C,17°C
MEX,GDL,15.85°C,17°C
MEX,GDL,15.85°C,17°C
MEX,GDL,15.85°C,17°C
MEX,GDL,15.85°C,17°C
MEX,GDL,15.85°C,17°C
MEX,GDL,15.85°C,17°C
MEX,GDL,15.85°C,17°C
MEX,GDL,15.85°C,17°C
MEX,GDL,15.85°C,17°C
MEX,GDL,15.85°C,17°C
MEX,GDL,15.85°C,17°C
MEX,GDL,15.85°C,17°C
MEX,GDL,15.85°C,17°C
MEX,GDL,15.85°C,17°C
MEX,GDL,15.85°C,17°C
MEX,GDL,15.85°C,17°C
MEX,GDL,15.85°C,17°C
MEX,GDL,15.85°C,17°C
MEX,GDL,15.85°C,17°C
MEX,GDL,15.85°C,17°C
MEX,GDL,15.85°C,17°C
MEX,GDL,15.85°C,17°C
MEX,GDL,15.85°C,17°C
MEX,GDL,15.85°C,17°C
MEX,GDL,15.85°C,17°C
MEX,GDL,15.85°C,17°C
MEX,GDL,15.85°C,17°C
MEX,GDL,15.85°C,17°C
MEX,GDL,15.85°C,17°C
MEX,GDL,15.85°C,17°C
MEX,GDL,15.85°C,17°C
GDL,MEX,17°C,15.85°C
GDL,MEX,17°C,15.85°C
GDL,MEX,17°C,15.85°C
GDL,MEX,17°C,15.85°C
GDL,MEX,17°C,15.85°C
GDL,MEX,17°C,15.85°C
GDL,MEX,17°C,15.85°C
GDL,MEX,17°C,15.85°C
GDL,MEX,17°C,15.85°C
GDL,MEX,17°C,15.85°C
GDL,MEX,17°C,15.85°C
GDL,MEX,17°C,15.85°C
GDL,MEX,17°C,15.85°C
GDL,MEX,17°C,15.85°C
GDL,MEX,17°C,15.85°C
GDL,MEX,17°C,15.85°C
GDL,MEX,17°C,15.85°C
GDL,MEX,17°C,15.85°C
GDL,MEX,17°C,15.85°C
GDL,MEX,17°C,15.85°C
GDL,MEX,17°C,15.85°C
GDL,MEX,17°C,15.85°C
GDL,MEX,17°C,15.85°C
GDL,MEX,17°C,15.85°C
GDL,MEX,17°C,15.85°C
GDL,MEX,17°C,15.85°C
GDL,MEX,17°C,15.85°C
GDL,MEX,17°C,15.85°C
GDL,MEX,17°C,15.85°C
GDL,MEX,17°C,15.85°C
GDL,MEX,17°C,15.85°C
GDL,MEX,17°C,15.85°C
GDL,MEX,17°C,15.85°C
GDL,MEX,17°C,15.85°C
GDL,MEX,17°C,15.85°C
GDL,MEX,17°C,15.85°C
GDL,MEX,17°C,15.85°C
GDL,MEX,17°C,15.85°C
GDL,MEX,17°C,15.85°C
GDL,MEX,17°C,15.85°C
GDL,MEX,17°C,15.85°C
GDL,MEX,17°C,15.85°C
GDL,MEX,17°C,15.85°C
GDL,MEX,17°C,15.85°C
GDL,MEX,17°C,15.85°C
GDL,MEX,17°C,15.85°C
GDL,MEX,17°C,15.85°C
GDL,MEX,17°C,15.85°C
GDL,MEX,17°C,15.85°C
GDL,MEX,17°C,15.85°C
GDL,MEX,17°C,15.85°C
GDL,MEX,17°C,15.85°C
GDL,MEX,17°C,15.85°C
GDL,MEX,17°C,15.85°C
GDL,MEX,17°C,15.85°C
GDL,MEX,17°C,15.85°C
GDL,MEX,17°C,15.85°C
GDL,MEX,17°C,15.85°C
GDL,MEX,17°C,15.85°C
GDL,MEX,17°C,15.85°C
GDL,MEX,17°C,15.85°C
GDL,MEX,17°C,15.85°C
GDL,MEX,17°C,15.85°C
GDL,MEX,17°C,15.85°C
GDL,MEX,17°C,15.85°C
GDL,MEX,17°C,15.85°C
GDL,MEX,17°C,15.85°C
GDL,MEX,17°C,15.85°C
GDL,MEX,17°C,15.85°C
GDL,MEX,17°C,15.85°C
GDL,MEX,17°C,15.85°C
GDL,MEX,17°C,15.85°C
GDL,MEX,17°C,15.85°C
GDL,MEX,17°C,15.85°C
GDL,MEX,17°C,15.85°C
GDL,MEX,17°C,15.85°C
GDL,MEX,17°C,15.85°C
GDL,MEX,17°C,15.85°C
GDL,MEX,17°C,15.85°C
GDL,MEX,17°C,15.85°C
GDL,MEX,17°C,15.85°C
GDL,MEX,17°C,15.85°C
GDL,MEX,17°C,15.85°C
GDL,MEX,17°C,15.85°C
GDL,MEX,17°C,15.85°C
GDL,MEX,17°C,15.85°C
GDL,MEX,17°C,15.85°C
GDL,MEX,17°C,15.85°C
GDL,MEX,17°C,15.85°C
GDL,MEX,17°C,15.85°C
GDL,MEX,17°C,15.85°C
GDL,MEX,17°C,15.85°C
GDL,MEX,17°C,15.85°C
GDL,MEX,17°C,15.85°C
GDL,MEX,17°C,15.85°C
GDL,MEX,17°C,15.85°C
GDL,MEX,17°C,15.85°C
GDL,MEX,17°C,15.85°C
GDL,MEX,17°C,15.85°C
GDL,MEX,17°C,15.85°C
GDL,MEX,17°C,15.85°C
GDL,MEX,17°C,15.85°C
GDL,MEX,17°C,15.85°C
GDL,MEX,17°C,15.85°C
GDL,MEX,17°C,15.85°C
GDL,MEX,17°C,15.85°C
GDL,MEX,17°C,15.85°C
GDL,MEX,17°C,15.85°C
GDL,MEX,17°C,15.85°C
GDL,MEX,17°C,15.85°C
GDL,MEX,17°C,15.85°C
GDL,MEX,17°C,15.85°C
GDL,MEX,17°C,15.85°C
GDL,MEX,17°C,15.85°C
GDL,MEX,17°C,15.85°C
GDL,MEX,17°C,15.85°C
GDL,MEX,17°C,15.85°C
GDL,MEX,17°C,15.85°C
GDL,MEX,17°C,15.85°C
GDL,MEX,17°C,15.85°C
GDL,MEX,17°C,15.85°C
GDL,MEX,17°C,15.85°C
GDL,MEX,17°C,15.85°C
GDL,MEX,17°C,15.85°C
GDL,MEX,17°C,15.85°C
GDL,MEX,17°C,15.85°C
GDL,MEX,17°C,15.85°C
GDL,MEX,17°C,15.85°C
GDL,MEX,17°C,15.85°C
GDL,MEX,17°C,15.85°C
GDL,MEX,17°C,15.85°C
GDL,MEX,17°C,15.85°C
GDL,MEX,17°C,15.85°C
GDL,MEX,17°C,15.85°C
GDL,MEX,17°C,15.85°C
GDL,MEX,17°C,15.85°C
GDL,MEX,17°C,15.85°C
GDL,MEX,17°C,15.85°C
GDL,MEX,17°C,15.85°C
GDL,MEX,17°C,15.85°C
GDL,MEX,17°C,15.85°C
GDL,MEX,17°C,15.85°C
GDL,MEX,17°C,15.85°C
GDL,MEX,17°C,15.85°C
GDL,MEX,17°C,15.85°C
GDL,MEX,17°C,15.85°C
GDL,MEX,17°C,15.85°C
GDL,MEX,17°C,15.85°C
GDL,MEX,17°C,15.85°C
GDL,MEX,17°C,15.85°C
GDL,MEX,17°C,15.85°C
GDL,MEX,17°C,15.85°C
GDL,MEX,17°C,15.85°C
GDL,MEX,17°C,15.85°C
GDL,MEX,17°C,15.85°C
GDL,MEX,17°C,15.85°C
GDL,MEX,17°C,15.85°C
GDL,MEX,17°C,15.85°C
GDL,MEX,17°C,15.85°C
GDL,MEX,17°C,15.85°C
GDL,MEX,17°C,15.85°C
GDL,MEX,17°C,15.85°C
GDL,MEX,17°C,15.85°C
GDL,MEX,17°C,15.85°C
GDL,MEX,17°C,15.85°C
GDL,MEX,17°C,15.85°C
GDL,MEX,17°C,15.85°C
GDL,MEX,17°C,15.85°C
GDL,MEX,17°C,15.85°C
GDL,MEX,17°C,15.85°C
GDL,MEX,17°C,15.85°C
GDL,MEX,17°C,15.85°C
GDL,MEX,17°C,15.85°C
GDL,MEX,17°C,15.85°C
GDL,MEX,17°C,15.85°C
GDL,MEX,17°C,15.85°C
GDL,MEX,17°C,15.85°C
GDL,MEX,17°C,15.85°C
GDL,MEX,17°C,15.85°C
GDL,MEX,17°C,15.85°C
GDL,MEX,17°C,15.85°C
GDL,MEX,17°C,15.85°C
GDL,MEX,17°C,15.85°C
GDL,MEX,17°C,15.85°C
GDL,MEX,17°C,15.85°C
GDL,MEX,17°C,15.85°C
GDL,MEX,17°C,15.85°C
GDL,MEX,17°C,15.85°C
GDL,MEX,17°C,15.85°C
GDL,MEX,17°C,15.85°C
GDL,MEX,17°C,15.85°C
MEX,GDL,15.85°C,17°C
MEX,GDL,15.85°C,17°C
MEX,GDL,15.85°C,17°C
MEX,GDL,15.85°C,17°C
MEX,GDL,15.85°C,17°C
MEX,GDL,15.85°C,17°C
MEX,GDL,15.85°C,17°C
MEX,GDL,15.85°C,17°C
MEX,GDL,15.85°C,17°C
MEX,GDL,15.85°C,17°C
MEX,GDL,15.85°C,17°C
MEX,GDL,15.85°C,17°C
MEX,GDL,15.85°C,17°C
MEX,GDL,15.85°C,17°C
MEX,GDL,15.85°C,17°C
MEX,GDL,15.85°C,17°C
MEX,GDL,15.85°C,17°C
MEX,GDL,15.85°C,17°C
MEX,GDL,15.85°C,17°C
MEX,GDL,15.85°C,17°C
MEX,GDL,15.85°C,17°C
MEX,GDL,15.85°C,17°C
MEX,GDL,15.85°C,17°C
MEX,GDL,15.85°C,17°C
MEX,GDL,15.85°C,17°C
MEX,GDL,15.85°C,17°C
MEX,GDL,15.85°C,17°C
MEX,GDL,15.85°C,17°C
MEX,GDL,15.85°C,17°C
MEX,GDL,15.85°C,17°C
MEX,GDL,15.85°C,17°C
MEX,GDL,15.85°C,17°C
MEX,GDL,15.85°C,17°C
MEX,GDL,15.85°C,17°C
MEX,GDL,15.85°C,17°C
MEX,GDL,15.85°C,17°C
MEX,GDL,15.85°C,17°C
MEX,GDL,15.85°C,17°C
MEX,GDL,15.85°C,17°C
MEX,GDL,15.85°C,17°C
MEX,GDL,15.85°C,17°C
MEX,GDL,15.85°C,17°C
MEX,GDL,15.85°C,17°C
MEX,GDL,15.85°C,17°C
MEX,GDL,15.85°C,17°C
MEX,GDL,15.85°C,17°C
MEX,GDL,15.85°C,17°C
MEX,GDL,15.85°C,17°C
MEX,GDL,15.85°C,17°C
MEX,GDL,15.85°C,17°C
MEX,GDL,15.85°C,17°C
MEX,GDL,15.85°C,17°C
MEX,GDL,15.85°C,17°C
MEX,GDL,15.85°C,17°C
MEX,GDL,15.85°C,17°C
MEX,GDL,15.85°C,17°C
MEX,GDL,15.85°C,17°C
MEX,GDL,15.85°C,17°C
MEX,GDL,15.85°C,17°C
MEX,GDL,15.85°C,17°C
MEX,GDL,15.85°C,17°C
MEX,GDL,15.85°C,17°C
MEX,GDL,15.85°C,17°C
MEX,GDL,15.85°C,17°C
MEX,GDL,15.85°C,17°C
MEX,GDL,15.85°C,17°C
MEX,GDL,15.85°C,17°C
MEX,GDL,15.85°C,17°C
MEX,GDL,15.85°C,17°C
MEX,GDL,15.85°C,17°C
MEX,GDL,15.85°C,17°C
MEX,GDL,15.85°C,17°C
MEX,GDL,15.85°C,17°C
MEX,GDL,15.85°C,17°C
MEX,GDL,15.85°C,17°C
MEX,GDL,15.85°C,17°C
MEX,GDL,15.85°C,17°C
MEX,GDL,15.85°C,17°C
MEX,GDL,15.85°C,17°C
MEX,GDL,15.85°C,17°C
MEX,GDL,15.85°C,17°C
MEX,GDL,15.85°C,17°C
MEX,GDL,15.85°C,17°C
MEX,GDL,15.85°C,17°C
MEX,GDL,15.85°C,17°C
MEX,GDL,15.85°C,17°C
MEX,GDL,15.85°C,17°C
MEX,GDL,15.85°C,17°C
MEX,GDL,15.85°C,17°C
MEX,GDL,15.85°C,17°C
MEX,GDL,15.85°C,17°C
MEX,GDL,15.85°C,17°C
MEX,GDL,15.85°C,17°C
MEX,GDL,15.85°C,17°C
MEX,GDL,15.85°C,17°C
MEX,GDL,15.85°C,17°C
MEX,GDL,15.85°C,17°C
MEX,GDL,15.85°C,17°C
MEX,GDL,15.85°C,17°C
MEX,GDL,15.85°C,17°C
MEX,GDL,15.85°C,17°C
MEX,GDL,15.85°C,17°C
MEX,GDL,15.85°C,17°C
MEX,GDL,15.85°C,17°C
MEX,GDL,15.85°C,17°C
MEX,GDL,15.85°C,17°C
MEX,GDL,15.85°C,17°C
MEX,GDL,15.85°C,17°C
MEX,GDL,15.85°C,17°C
MEX,GDL,15.85°C,17°C
GDL,MEX,17°C,15.85°C
GDL,MEX,17°C,15.85°C
GDL,MEX,17°C,15.85°C
GDL,MEX,17°C,15.85°C
GDL,MEX,17°C,15.85°C
GDL,MEX,17°C,15.85°C
GDL,MEX,17°C,15.85°C
GDL,MEX,17°C,15.85°C
GDL,MEX,17°C,15.85°C
GDL,MEX,17°C,15.85°C
GDL,MEX,17°C,15.85°C
GDL,MEX,17°C,15.85°C
GDL,MEX,17°C,15.85°C
GDL,MEX,17°C,15.85°C
GDL,MEX,17°C,15.85°C
GDL,MEX,17°C,15.85°C
GDL,MEX,17°C,15.85°C
GDL,MEX,17°C,15.85°C
GDL,MEX,17°C,15.85°C
GDL,MEX,17°C,15.85°C
GDL,MEX,17°C,15.85°C
GDL,MEX,17°C,15.85°C
GDL,MEX,17°C,15.85°C
GDL,MEX,17°C,15.85°C
GDL,MEX,17°C,15.85°C
GDL,MEX,17°C,15.85°C
GDL,MEX,17°C,15.85°C
GDL,MEX,17°C,15.85°C
GDL,MEX,17°C,15.85°C
GDL,MEX,17°C,15.85°C
GDL,MEX,17°C,15.85°C
GDL,MEX,17°C,15.85°C
GDL,MEX,17°C,15.85°C
GDL,MEX,17°C,15.85°C
GDL,MEX,17°C,15.85°C
GDL,MEX,17°C,15.85°C
GDL,MEX,17°C,15.85°C
GDL,MEX,17°C,15.85°C
GDL,MEX,17°C,15.85°C
GDL,MEX,17°C,15.85°C
GDL,MEX,17°C,15.85°C
GDL,MEX,17°C,15.85°C
GDL,MEX,17°C,15.85°C
GDL,MEX,17°C,15.85°C
GDL,MEX,17°C,15.85°C
GDL,MEX,17°C,15.85°C
GDL,MEX,17°C,15.85°C
GDL,MEX,17°C,15.85°C
GDL,MEX,17°C,15.85°C
GDL,MEX,17°C,15.85°C
GDL,MEX,17°C,15.85°C
GDL,MEX,17°C,15.85°C
GDL,MEX,17°C,15.85°C
GDL,MEX,17°C,15.85°C
GDL,MEX,17°C,15.85°C
GDL,MEX,17°C,15.85°C
GDL,MEX,17°C,15.85°C
GDL,MEX,17°C,15.85°C
GDL,MEX,17°C,15.85°C
GDL,MEX,17°C,15.85°C
GDL,MEX,17°C,15.85°C
GDL,MEX,17°C,15.85°C
GDL,MEX,17°C,15.85°C
GDL,MEX,17°C,15.85°C
GDL,MEX,17°C,15.85°C
GDL,MEX,17°C,15.85°C
GDL,MEX,17°C,15.85°C
GDL,MEX,17°C,15.85°C
GDL,MEX,17°C,15.85°C
GDL,MEX,17°C,15.85°C
GDL,MEX,17°C,15.85°C
GDL,MEX,17°C,15.85°C
GDL,MEX,17°C,15.85°C
GDL,MEX,17°C,15.85°C
GDL,MEX,17°C,15.85°C
GDL,MEX,17°C,15.85°C
GDL,MEX,17°C,15.85°C
GDL,MEX,17°C,15.85°C
GDL,MEX,17°C,15.85°C
GDL,MEX,17°C,15.85°C
GDL,MEX,17°C,15.85°C
GDL,MEX,17°C,15.85°C
GDL,MEX,17°C,15.85°C
GDL,MEX,17°C,15.85°C
GDL,MEX,17°C,15.85°C
GDL,MEX,17°C,15.85°C
GDL,MEX,17°C,15.85°C
GDL,MEX,17°C,15.85°C
GDL,MEX,17°C,15.85°C
GDL,MEX,17°C,15.85°C
GDL,MEX,17°C,15.85°C
GDL,MEX,17°C,15.85°C
GDL,MEX,17°C,15.85°C
GDL,MEX,17°C,15.85°C
GDL,MEX,17°C,15.85°C
GDL,MEX,17°C,15.85°C
GDL,MEX,17°C,15.85°C
GDL,MEX,17°C,15.85°C
GDL,MEX,17°C,15.85°C
GDL,MEX,17°C,15.85°C
GDL,MEX,17°C,15.85°C
GDL,MEX,17°C,15.85°C
GDL,MEX,17°C,15.85°C
GDL,MEX,17°C,15.85°C
GDL,MEX,17°C,15.85°C
GDL,MEX,17°C,15.85°C
GDL,MEX,17°C,15.85°C
GDL,MEX,17°C,15.85°C
GDL,MEX,17°C,15.85°C
GDL,MEX,17°C,15.85°C
GDL,MEX,17°C,15.85°C
GDL,MEX,17°C,15.85°C
GDL,MEX,17°C,15.85°C
GDL,MEX,17°C,15.85°C
GDL,MEX,17°C,15.85°C
GDL,MEX,17°C,15.85°C
GDL,MEX,17°C,15.85°C
GDL,MEX,17°C,15.85°C
GDL,TIJ,17°C,10.63°C
MEX,GDL,15.85°C,17°C
MEX,GDL,15.85°C,17°C
MEX,GDL,15.85°C,17°C
GDL,MEX,17°C,15.85°C
GDL,MEX,17°C,15.85°C
GDL,MEX,17°C,15.85°C
GDL,MEX,17°C,15.85°C
GDL,MEX,17°C,15.85°C
GDL,MEX,17°C,15.85°C
GDL,MEX,17°C,15.85°C
GDL,MEX,17°C,15.85°C
GDL,MEX,17°C,15.85°C
GDL,MEX,17°C,15.85°C
GDL,MEX,17°C,15.85°C
GDL,MEX,17°C,15.85°C
GDL,MEX,17°C,15.85°C
GDL,MEX,17°C,15.85°C
GDL,MEX,17°C,15.85°C
GDL,MEX,17°C,15.85°C
GDL,MEX,17°C,15.85°C
GDL,MEX,17°C,15.85°C
GDL,MEX,17°C,15.85°C
GDL,MEX,17°C,15.85°C
GDL,MEX,17°C,15.85°C
GDL,MEX,17°C,15.85°C
GDL,MEX,17°C,15.85°C
GDL,MEX,17°C,15.85°C
GDL,MEX,17°C,15.85°C
GDL,MEX,17°C,15.85°C
GDL,MEX,17°C,15.85°C
GDL,MEX,17°C,15.85°C
GDL,MEX,17°C,15.85°C
GDL,MEX,17°C,15.85°C
GDL,MEX,17°C,15.85°C
GDL,MEX,17°C,15.85°C
GDL,MEX,17°C,15.85°C
GDL,MEX,17°C,15.85°C
GDL,MEX,17°C,15.85°C
GDL,MEX,17°C,15.85°C
GDL,MEX,17°C,15.85°C
GDL,MEX,17°C,15.85°C
GDL,MEX,17°C,15.85°C
GDL,MEX,17°C,15.85°C
GDL,MEX,17°C,15.85°C
GDL,MEX,17°C,15.85°C
GDL,MEX,17°C,15.85°C
GDL,MEX,17°C,15.85°C
GDL,MEX,17°C,15.85°C
GDL,MEX,17°C,15.85°C
GDL,MEX,17°C,15.85°C
GDL,MEX,17°C,15.85°C
GDL,MEX,17°C,15.85°C
GDL,MEX,17°C,15.85°C
GDL,MEX,17°C,15.85°C
GDL,MEX,17°C,15.85°C
GDL,MEX,17°C,15.85°C
GDL,MEX,17°C,15.85°C
GDL,MEX,17°C,15.85°C
GDL,MEX,17°C,15.85°C
GDL,MEX,17°C,15.85°C
GDL,MEX,17°C,15.85°C
GDL,MEX,17°C,15.85°C
GDL,MEX,17°C,15.85°C
GDL,MEX,17°C,15.85°C
GDL,MEX,17°C,15.85°C
GDL,MEX,17°C,15.85°C
GDL,MEX,17°C,15.85°C
GDL,MEX,17°C,15.85°C
GDL,MEX,17°C,15.85°C
GDL,MEX,17°C,15.85°C
GDL,MEX,17°C,15.85°C
GDL,MEX,17°C,15.85°C
GDL,MEX,17°C,15.85°C
GDL,MEX,17°C,15.85°C
GDL,MEX,17°C,15.85°C
GDL,MEX,17°C,15.85°C
GDL,MEX,17°C,15.85°C
GDL,MEX,17°C,15.85°C
GDL,MEX,17°C,15.85°C
GDL,MEX,17°C,15.85°C
GDL,MEX,17°C,15.85°C
GDL,MEX,17°C,15.85°C
GDL,MEX,17°C,15.85°C
GDL,MEX,17°C,15.85°C
